Postcode,SA4,Relevance
0800,Darwin,1.0
0810,Darwin,1.0
0812,Darwin,1.0
0820,Darwin,1.0
0822,Darwin,0.1440035
0822,Northern Territory - Outback,0.8559965
0828,Darwin,1.0
0829,Darwin,1.0
0830,Darwin,0.9999985
0832,Darwin,1.0
0835,Darwin,1.0
0836,Darwin,1.0
0837,Darwin,1.0
0838,Darwin,1.0
0840,Northern Territory - Outback,0.9990751
0841,Darwin,1.0
0845,Northern Territory - Outback,1.0
0846,Northern Territory - Outback,1.0
0847,Northern Territory - Outback,1.0
0850,Northern Territory - Outback,1.0
0852,Western Australia - Outback,0.0006658
0852,Northern Territory - Outback,0.9993342
0853,Northern Territory - Outback,1.0
0854,Northern Territory - Outback,1.0
0860,Northern Territory - Outback,1.0
0862,Northern Territory - Outback,1.0
0870,Northern Territory - Outback,1.0
0872,South Australia - Outback,0.1157318
0872,Western Australia - Outback,0.0827448
0872,Northern Territory - Outback,0.8015234
0880,Northern Territory - Outback,1.0
0885,Northern Territory - Outback,1.0
0886,Northern Territory - Outback,1.0
0909,Darwin,1.0
2000,Sydney - City and Inner South,1.0
2006,Sydney - City and Inner South,1.0
2007,Sydney - City and Inner South,1.0
2008,Sydney - City and Inner South,1.0
2009,Sydney - City and Inner South,1.0
2010,Sydney - City and Inner South,1.0
2011,Sydney - City and Inner South,1.0
2015,Sydney - City and Inner South,1.0
2016,Sydney - City and Inner South,1.0
2017,Sydney - City and Inner South,1.0
2018,Sydney - City and Inner South,1.0
2019,Sydney - City and Inner South,1.0
2020,Sydney - City and Inner South,1.0
2021,Sydney - Eastern Suburbs,1.0
2022,Sydney - Eastern Suburbs,1.0
2023,Sydney - Eastern Suburbs,1.0
2024,Sydney - Eastern Suburbs,1.0
2025,Sydney - Eastern Suburbs,1.0
2026,Sydney - Eastern Suburbs,1.0
2027,Sydney - Eastern Suburbs,1.0
2028,Sydney - Eastern Suburbs,1.0
2029,Sydney - Eastern Suburbs,1.0
2030,Sydney - Eastern Suburbs,1.0
2031,Sydney - Eastern Suburbs,1.0
2032,Sydney - City and Inner South,0.075631
2032,Sydney - Eastern Suburbs,0.924369
2033,Sydney - City and Inner South,0.0015149
2033,Sydney - Eastern Suburbs,0.9984851
2034,Sydney - Eastern Suburbs,1.0
2035,Sydney - City and Inner South,0.1094433
2035,Sydney - Eastern Suburbs,0.8905567
2036,Sydney - City and Inner South,0.2145424
2036,Sydney - Eastern Suburbs,0.7854576
2037,Sydney - City and Inner South,1.0
2038,Sydney - City and Inner South,0.0102462
2038,Sydney - Inner West,0.9897538
2039,Sydney - Inner West,1.0
2040,Sydney - Inner West,0.9999328
2041,Sydney - Inner West,1.0
2042,Sydney - City and Inner South,1.0
2043,Sydney - City and Inner South,1.0
2044,Sydney - City and Inner South,1.0
2045,Sydney - Inner West,1.0
2046,Sydney - Inner West,1.0
2047,Sydney - Inner West,1.0
2048,Sydney - City and Inner South,0.9994772
2048,Sydney - Inner West,0.0005228
2049,Sydney - City and Inner South,0.7269643
2049,Sydney - Inner West,0.2730357
2050,Sydney - City and Inner South,1.0
2052,Sydney - Eastern Suburbs,1.0
2060,Sydney - North Sydney and Hornsby,1.0
2061,Sydney - North Sydney and Hornsby,1.0
2062,Sydney - North Sydney and Hornsby,1.0
2063,Sydney - North Sydney and Hornsby,1.0
2064,Sydney - North Sydney and Hornsby,1.0
2065,Sydney - North Sydney and Hornsby,1.0
2066,Sydney - North Sydney and Hornsby,1.0
2067,Sydney - North Sydney and Hornsby,1.0
2068,Sydney - North Sydney and Hornsby,1.0
2069,Sydney - North Sydney and Hornsby,1.0
2070,Sydney - North Sydney and Hornsby,1.0
2071,Sydney - North Sydney and Hornsby,1.0
2072,Sydney - North Sydney and Hornsby,1.0
2073,Sydney - North Sydney and Hornsby,1.0
2074,Sydney - North Sydney and Hornsby,1.0
2075,Sydney - North Sydney and Hornsby,1.0
2076,Sydney - North Sydney and Hornsby,1.0
2077,Sydney - North Sydney and Hornsby,1.0
2079,Sydney - North Sydney and Hornsby,1.0
2080,Sydney - North Sydney and Hornsby,1.0
2081,Sydney - North Sydney and Hornsby,1.0
2082,Sydney - Baulkham Hills and Hawkesbury,0.0327559
2082,Sydney - North Sydney and Hornsby,0.9672441
2083,Central Coast,0.3247561
2083,Sydney - North Sydney and Hornsby,0.6752439
2084,Sydney - Northern Beaches,1.0
2085,Sydney - Northern Beaches,1.0
2086,Sydney - Northern Beaches,1.0
2087,Sydney - Northern Beaches,1.0
2088,Sydney - North Sydney and Hornsby,1.0
2089,Sydney - North Sydney and Hornsby,1.0
2090,Sydney - North Sydney and Hornsby,1.0
2092,Sydney - Northern Beaches,1.0
2093,Sydney - Northern Beaches,1.0
2094,Sydney - Northern Beaches,1.0
2095,Sydney - Northern Beaches,1.0
2096,Sydney - Northern Beaches,1.0
2097,Sydney - Northern Beaches,1.0
2099,Sydney - Northern Beaches,1.0
2100,Sydney - Northern Beaches,1.0
2101,Sydney - Northern Beaches,1.0
2102,Sydney - Northern Beaches,1.0
2103,Sydney - Northern Beaches,1.0
2104,Sydney - Northern Beaches,1.0
2105,Sydney - Northern Beaches,1.0
2106,Sydney - Northern Beaches,1.0
2107,Sydney - Northern Beaches,1.0
2108,Sydney - Northern Beaches,1.0
2109,Sydney - Ryde,1.0
2110,Sydney - Ryde,1.0
2111,Sydney - Ryde,1.0
2112,Sydney - Ryde,1.0
2113,Sydney - Ryde,1.0
2114,Sydney - Parramatta,0.0007655
2114,Sydney - Ryde,0.9992345
2115,Sydney - Parramatta,1.0
2116,Sydney - Parramatta,1.0
2117,Sydney - Parramatta,1.0
2118,Sydney - Parramatta,1.0
2119,Sydney - Parramatta,0.2259116
2119,Sydney - Ryde,0.7740884
2120,Sydney - Baulkham Hills and Hawkesbury,0.001056
2120,Sydney - North Sydney and Hornsby,0.6215827
2120,Sydney - Ryde,0.3773613
2121,Sydney - Parramatta,0.0394617
2121,Sydney - Ryde,0.9605383
2122,Sydney - Parramatta,0.0019928
2122,Sydney - Ryde,0.9980072
2123,Sydney - Parramatta,1.0
2125,Sydney - Baulkham Hills and Hawkesbury,0.7671548
2125,Sydney - Ryde,0.2328452
2126,Sydney - Baulkham Hills and Hawkesbury,1.0
2127,Sydney - Parramatta,1.0
2128,Sydney - Parramatta,1.0
2129,Sydney - Inner West,1.0
2130,Sydney - Inner West,1.0
2131,Sydney - Inner West,1.0
2132,Sydney - Inner West,1.0
2133,Sydney - Inner West,1.0
2134,Sydney - Inner West,1.0
2135,Sydney - Inner West,1.0
2136,Sydney - Inner South West,0.0072832
2136,Sydney - Inner West,0.9927168
2137,Sydney - Inner West,1.0
2138,Sydney - Inner West,1.0
2139,Sydney - Inner West,1.0
2140,Sydney - Inner West,1.0
2141,Sydney - Parramatta,1.0
2142,Sydney - Parramatta,1.0
2143,Sydney - Inner South West,0.3647352
2143,Sydney - Parramatta,0.6352648
2144,Sydney - Parramatta,1.0
2145,Sydney - Parramatta,1.0
2146,Sydney - Blacktown,0.3778978
2146,Sydney - Parramatta,0.6221022
2147,Sydney - Blacktown,1.0
2148,Sydney - Blacktown,0.9999618
2150,Sydney - Parramatta,1.0
2151,Sydney - Parramatta,1.0
2152,Sydney - Parramatta,1.0
2153,Sydney - Baulkham Hills and Hawkesbury,0.7608347
2153,Sydney - Blacktown,0.0167954
2153,Sydney - Parramatta,0.2223699
2154,Sydney - Baulkham Hills and Hawkesbury,1.0
2155,Sydney - Baulkham Hills and Hawkesbury,0.7997071
2155,Sydney - Blacktown,0.2002929
2156,Sydney - Baulkham Hills and Hawkesbury,1.0
2157,Sydney - Baulkham Hills and Hawkesbury,1.0
2158,Sydney - Baulkham Hills and Hawkesbury,1.0
2159,Sydney - Baulkham Hills and Hawkesbury,1.0
2160,Sydney - Parramatta,1.0
2161,Sydney - Parramatta,1.0
2162,Sydney - Parramatta,1.0
2163,Sydney - Inner South West,0.3611973
2163,Sydney - Parramatta,0.6388027
2164,Sydney - Parramatta,0.0728215
2164,Sydney - South West,0.9271785
2165,Sydney - Parramatta,0.1279803
2165,Sydney - South West,0.8720197
2166,Sydney - South West,1.0
2167,Sydney - Outer South West,1.0
2168,Sydney - South West,1.0
2170,Sydney - South West,0.9999383
2171,Sydney - South West,1.0
2172,Sydney - South West,0.9999997
2173,Sydney - Outer South West,0.0001226
2173,Sydney - South West,0.9998774
2174,Sydney - South West,1.0
2175,Sydney - South West,1.0
2176,Sydney - South West,1.0
2177,Sydney - South West,1.0
2178,Sydney - South West,1.0
2179,Sydney - South West,1.0
2190,Sydney - Inner South West,1.0
2191,Sydney - Inner South West,1.0
2192,Sydney - Inner South West,1.0
2193,Sydney - Inner South West,0.2894533
2193,Sydney - Inner West,0.7105467
2194,Sydney - Inner South West,1.0
2195,Sydney - Inner South West,1.0
2196,Sydney - Inner South West,1.0
2197,Sydney - Inner South West,0.9848768
2197,Sydney - Parramatta,0.0151232
2198,Sydney - Inner South West,1.0
2199,Sydney - Inner South West,1.0
2200,Sydney - Inner South West,1.0
2203,Sydney - City and Inner South,0.0062035
2203,Sydney - Inner West,0.9937965
2204,Sydney - City and Inner South,0.9985286
2204,Sydney - Inner South West,0.000377
2204,Sydney - Inner West,0.0010944
2205,Sydney - Inner South West,1.0
2206,Sydney - Inner South West,0.9994962
2206,Sydney - Inner West,0.0005038
2207,Sydney - Inner South West,1.0
2208,Sydney - Inner South West,1.0
2209,Sydney - Inner South West,1.0
2210,Sydney - Inner South West,1.0
2211,Sydney - Inner South West,1.0
2212,Sydney - Inner South West,1.0
2213,Sydney - Inner South West,1.0
2214,Sydney - Inner South West,1.0
2216,Sydney - Inner South West,1.0
2217,Sydney - Inner South West,1.0
2218,Sydney - Inner South West,1.0
2219,Sydney - Inner South West,1.0
2220,Sydney - Inner South West,1.0
2221,Sydney - Inner South West,1.0
2222,Sydney - Inner South West,1.0
2223,Sydney - Inner South West,1.0
2224,Sydney - Sutherland,1.0
2225,Sydney - Sutherland,1.0
2226,Sydney - Sutherland,1.0
2227,Sydney - Sutherland,1.0
2228,Sydney - Sutherland,1.0
2229,Sydney - Sutherland,1.0
2230,Sydney - Sutherland,1.0
2231,Sydney - Sutherland,1.0
2232,Sydney - Sutherland,1.0
2233,Sydney - Sutherland,1.0
2234,Sydney - Sutherland,1.0
2250,Central Coast,0.997451
2250,Hunter Valley exc Newcastle,0.0025186
2251,Central Coast,1.0
2256,Central Coast,1.0
2257,Central Coast,1.0
2258,Central Coast,1.0
2259,Central Coast,0.9395889
2259,Newcastle and Lake Macquarie,0.0604111
2260,Central Coast,1.0
2261,Central Coast,1.0
2262,Central Coast,1.0
2263,Central Coast,1.0
2264,Newcastle and Lake Macquarie,1.0
2265,Newcastle and Lake Macquarie,1.0
2267,Newcastle and Lake Macquarie,1.0
2278,Newcastle and Lake Macquarie,1.0
2280,Newcastle and Lake Macquarie,1.0
2281,Newcastle and Lake Macquarie,1.0
2282,Newcastle and Lake Macquarie,1.0
2283,Newcastle and Lake Macquarie,1.0
2284,Newcastle and Lake Macquarie,1.0
2285,Newcastle and Lake Macquarie,1.0
2286,Newcastle and Lake Macquarie,1.0
2287,Newcastle and Lake Macquarie,1.0
2289,Newcastle and Lake Macquarie,1.0
2290,Newcastle and Lake Macquarie,1.0
2291,Newcastle and Lake Macquarie,1.0
2292,Newcastle and Lake Macquarie,1.0
2293,Newcastle and Lake Macquarie,1.0
2294,Newcastle and Lake Macquarie,1.0
2295,Newcastle and Lake Macquarie,1.0
2296,Newcastle and Lake Macquarie,1.0
2297,Newcastle and Lake Macquarie,1.0
2298,Newcastle and Lake Macquarie,1.0
2299,Newcastle and Lake Macquarie,1.0
2300,Newcastle and Lake Macquarie,1.0
2302,Newcastle and Lake Macquarie,1.0
2303,Newcastle and Lake Macquarie,1.0
2304,Newcastle and Lake Macquarie,0.9999278
2305,Newcastle and Lake Macquarie,1.0
2306,Newcastle and Lake Macquarie,1.0
2307,Newcastle and Lake Macquarie,1.0
2308,Newcastle and Lake Macquarie,1.0
2311,Hunter Valley exc Newcastle,1.0
2312,Mid North Coast,1.0
2314,Hunter Valley exc Newcastle,1.0
2315,Hunter Valley exc Newcastle,1.0
2316,Hunter Valley exc Newcastle,1.0
2317,Hunter Valley exc Newcastle,1.0
2318,Hunter Valley exc Newcastle,0.9742904
2318,Newcastle and Lake Macquarie,0.0257096
2319,Hunter Valley exc Newcastle,1.0
2320,Hunter Valley exc Newcastle,1.0
2321,Hunter Valley exc Newcastle,1.0
2322,Hunter Valley exc Newcastle,0.5105486
2322,Newcastle and Lake Macquarie,0.4894514
2323,Hunter Valley exc Newcastle,0.9954094
2323,Newcastle and Lake Macquarie,0.0045906
2324,Hunter Valley exc Newcastle,0.9860559
2324,Mid North Coast,0.0139441
2325,Hunter Valley exc Newcastle,1.0
2326,Hunter Valley exc Newcastle,1.0
2327,Hunter Valley exc Newcastle,1.0
2328,Hunter Valley exc Newcastle,1.0
2329,Central West,0.0133523
2329,Hunter Valley exc Newcastle,0.9866477
2330,Hunter Valley exc Newcastle,0.9999999
2331,Hunter Valley exc Newcastle,1.0
2333,Hunter Valley exc Newcastle,1.0
2334,Hunter Valley exc Newcastle,1.0
2335,Hunter Valley exc Newcastle,1.0
2336,Hunter Valley exc Newcastle,1.0
2337,Hunter Valley exc Newcastle,0.9999999
2338,Hunter Valley exc Newcastle,0.9643306
2338,New England and North West,0.0356694
2339,New England and North West,1.0
2340,New England and North West,1.0
2341,New England and North West,1.0
2342,New England and North West,1.0
2343,New England and North West,1.0
2344,New England and North West,1.0
2345,New England and North West,1.0
2346,New England and North West,1.0
2347,New England and North West,1.0
2350,New England and North West,1.0
2351,New England and North West,1.0
2352,New England and North West,1.0
2353,New England and North West,1.0
2354,New England and North West,0.9999997
2355,New England and North West,1.0
2356,New England and North West,1.0
2357,Far West and Orana,1.0
2358,New England and North West,1.0
2359,New England and North West,1.0
2360,New England and North West,1.0
2361,New England and North West,1.0
2365,New England and North West,0.9999997
2369,New England and North West,1.0
2370,Coffs Harbour - Grafton,0.0019838
2370,New England and North West,0.9980162
2371,New England and North West,1.0
2372,New England and North West,0.9986111
2372,Darling Downs - Maranoa,0.0013889
2379,Far West and Orana,0.4035364
2379,New England and North West,0.5964636
2380,New England and North West,1.0
2381,Far West and Orana,0.0260014
2381,New England and North West,0.9739986
2382,New England and North West,1.0
2386,Far West and Orana,0.8132907
2386,New England and North West,0.1867093
2387,Far West and Orana,0.8594978
2387,New England and North West,0.1405022
2388,Far West and Orana,0.025439
2388,New England and North West,0.974561
2390,New England and North West,1.0
2395,Far West and Orana,1.0
2396,Far West and Orana,1.0
2397,New England and North West,1.0
2398,New England and North West,1.0
2399,New England and North West,1.0
2400,New England and North West,1.0
2401,New England and North West,1.0
2402,New England and North West,1.0
2403,New England and North West,1.0
2404,New England and North West,1.0
2405,New England and North West,1.0
2406,New England and North West,0.8412305
2406,Darling Downs - Maranoa,0.1587695
2408,New England and North West,1.0
2409,New England and North West,1.0
2410,New England and North West,1.0
2411,New England and North West,1.0
2415,Mid North Coast,0.9999999
2420,Hunter Valley exc Newcastle,0.9996136
2420,Mid North Coast,0.0003864
2421,Hunter Valley exc Newcastle,1.0
2422,Mid North Coast,1.0
2423,Mid North Coast,1.0
2424,Mid North Coast,1.0
2425,Mid North Coast,1.0
2426,Mid North Coast,1.0
2427,Mid North Coast,1.0
2428,Mid North Coast,1.0
2429,Mid North Coast,1.0
2430,Mid North Coast,1.0
2431,Mid North Coast,1.0
2439,Mid North Coast,1.0
2440,Mid North Coast,0.9999999
2441,Coffs Harbour - Grafton,0.3763583
2441,Mid North Coast,0.6236417
2443,Mid North Coast,1.0
2444,Mid North Coast,1.0
2445,Mid North Coast,1.0
2446,Mid North Coast,1.0
2447,Mid North Coast,1.0
2448,Coffs Harbour - Grafton,0.0041205
2448,Mid North Coast,0.9958795
2449,Coffs Harbour - Grafton,0.000948
2449,Mid North Coast,0.999052
2450,Coffs Harbour - Grafton,1.0
2452,Coffs Harbour - Grafton,1.0
2453,Coffs Harbour - Grafton,0.951641
2453,New England and North West,0.048359
2454,Coffs Harbour - Grafton,1.0
2455,Coffs Harbour - Grafton,1.0
2456,Coffs Harbour - Grafton,1.0
2460,Coffs Harbour - Grafton,1.0
2462,Coffs Harbour - Grafton,1.0
2463,Coffs Harbour - Grafton,1.0
2464,Coffs Harbour - Grafton,1.0
2465,Coffs Harbour - Grafton,1.0
2466,Coffs Harbour - Grafton,1.0
2469,Coffs Harbour - Grafton,0.3021868
2469,New England and North West,0.1882473
2469,Richmond - Tweed,0.5095659
2470,Richmond - Tweed,1.0
2471,Richmond - Tweed,1.0
2472,Richmond - Tweed,0.9999994
2473,Richmond - Tweed,1.0
2474,Richmond - Tweed,1.0
2475,New England and North West,0.9226742
2475,Richmond - Tweed,0.0773258
2476,New England and North West,0.3396206
2476,Richmond - Tweed,0.6603794
2477,Richmond - Tweed,1.0
2478,Richmond - Tweed,1.0
2479,Richmond - Tweed,1.0
2480,Richmond - Tweed,1.0
2481,Richmond - Tweed,1.0
2482,Richmond - Tweed,1.0
2483,Richmond - Tweed,1.0
2484,Richmond - Tweed,1.0
2485,Richmond - Tweed,1.0
2486,Richmond - Tweed,1.0
2487,Richmond - Tweed,1.0
2488,Richmond - Tweed,1.0
2489,Richmond - Tweed,1.0
2490,Richmond - Tweed,1.0
2500,Illawarra,1.0
2502,Illawarra,1.0
2505,Illawarra,1.0
2506,Illawarra,1.0
2508,Illawarra,1.0
2515,Illawarra,1.0
2516,Illawarra,1.0
2517,Illawarra,1.0
2518,Illawarra,1.0
2519,Illawarra,1.0
2522,Illawarra,1.0
2525,Illawarra,1.0
2526,Illawarra,1.0
2527,Illawarra,1.0
2528,Illawarra,1.0
2529,Illawarra,1.0
2530,Illawarra,1.0
2533,Illawarra,0.9998295
2533,Southern Highlands and Shoalhaven,0.0001705
2534,Illawarra,1.0
2535,Illawarra,0.0115046
2535,Southern Highlands and Shoalhaven,0.9884954
2536,Capital Region,0.9998028
2536,Southern Highlands and Shoalhaven,0.0001972
2537,Capital Region,1.0
2538,Southern Highlands and Shoalhaven,1.0
2539,Capital Region,0.0008983
2539,Southern Highlands and Shoalhaven,0.9991017
2540,Southern Highlands and Shoalhaven,0.991005
2540,Other Territories,0.008995
2541,Southern Highlands and Shoalhaven,1.0
2545,Capital Region,1.0
2546,Capital Region,1.0
2548,Capital Region,1.0
2549,Capital Region,1.0
2550,Capital Region,1.0
2551,Capital Region,1.0
2555,Sydney - Outer West and Blue Mountains,0.084338
2555,Sydney - South West,0.915662
2556,Sydney - South West,1.0
2557,Sydney - South West,1.0
2558,Sydney - Outer South West,1.0
2559,Sydney - Outer South West,1.0
2560,Illawarra,0.0001389
2560,Sydney - Outer South West,0.9998611
2563,Sydney - Outer South West,1.0
2564,Sydney - Outer South West,1.0
2565,Sydney - Outer South West,1.0
2566,Sydney - Outer South West,1.0
2567,Sydney - Outer South West,1.0
2568,Sydney - Outer South West,1.0
2569,Sydney - Outer South West,1.0
2570,Sydney - Outer South West,0.9573801
2570,Sydney - South West,0.0426198
2571,Southern Highlands and Shoalhaven,0.0336662
2571,Sydney - Outer South West,0.9663337
2572,Sydney - Outer South West,1.0
2573,Sydney - Outer South West,1.0
2574,Sydney - Outer South West,0.9999985
2575,Southern Highlands and Shoalhaven,0.9999998
2576,Southern Highlands and Shoalhaven,1.0
2577,Illawarra,0.0001413
2577,Southern Highlands and Shoalhaven,0.9998587
2578,Southern Highlands and Shoalhaven,1.0
2579,Capital Region,0.5658275
2579,Southern Highlands and Shoalhaven,0.4341725
2580,Capital Region,0.9992643
2580,Central West,0.0007357
2581,Capital Region,1.0
2582,Capital Region,1.0
2583,Capital Region,0.9985281
2583,Central West,0.0014719
2584,Capital Region,1.0
2585,Capital Region,1.0
2586,Capital Region,1.0
2587,Capital Region,1.0
2588,Riverina,1.0
2590,Riverina,1.0
2594,Capital Region,0.9933073
2594,Central West,0.0045198
2594,Riverina,0.002173
2600,Australian Capital Territory,1.0
2601,Australian Capital Territory,1.0
2602,Australian Capital Territory,1.0
2603,Australian Capital Territory,1.0
2604,Australian Capital Territory,1.0
2605,Australian Capital Territory,1.0
2606,Australian Capital Territory,1.0
2607,Australian Capital Territory,1.0
2609,Australian Capital Territory,1.0
2611,Capital Region,0.0010005
2611,Riverina,0.0014356
2611,Australian Capital Territory,0.9975639
2612,Australian Capital Territory,1.0
2614,Australian Capital Territory,1.0
2615,Australian Capital Territory,0.9999503
2617,Australian Capital Territory,1.0
2618,Capital Region,0.7589782
2618,Australian Capital Territory,0.2410218
2619,Capital Region,1.0
2620,Capital Region,0.9750251
2620,Australian Capital Territory,0.0249749
2621,Capital Region,1.0
2622,Capital Region,0.9949147
2622,Southern Highlands and Shoalhaven,0.0050853
2623,Capital Region,1.0
2624,Riverina,1.0
2625,Capital Region,1.0
2626,Capital Region,1.0
2627,Capital Region,0.9999998
2628,Capital Region,1.0
2629,Capital Region,0.9054266
2629,Riverina,0.0945734
2630,Capital Region,1.0
2631,Capital Region,1.0
2632,Capital Region,1.0
2633,Capital Region,0.9999999
2640,Murray,0.9990335
2640,Riverina,0.0007857
2640,Hume,0.0001808
2641,Murray,1.0
2642,Murray,0.7735997
2642,Riverina,0.2258418
2642,Hume,0.0005585
2643,Murray,1.0
2644,Murray,0.998178
2644,Riverina,0.001822
2645,Murray,0.9611426
2645,Riverina,0.0388574
2646,Murray,1.0
2647,Murray,1.0
2648,Far West and Orana,0.0037395
2648,Murray,0.9962605
2649,Riverina,1.0
2650,Murray,0.0023265
2650,Riverina,0.9976735
2651,Riverina,1.0
2652,Riverina,1.0
2653,Riverina,1.0
2655,Riverina,1.0
2656,Riverina,1.0
2658,Murray,0.8252365
2658,Riverina,0.1747635
2659,Murray,1.0
2660,Murray,1.0
2661,Riverina,1.0
2663,Riverina,1.0
2665,Central West,0.1402037
2665,Riverina,0.8597963
2666,Capital Region,0.0047044
2666,Central West,0.000941
2666,Riverina,0.9943545
2668,Central West,0.9250062
2668,Riverina,0.0749938
2669,Central West,0.8611506
2669,Riverina,0.1388494
2671,Central West,1.0
2672,Central West,0.9330184
2672,Far West and Orana,0.0669816
2675,Riverina,1.0
2678,Riverina,1.0
2680,Riverina,1.0
2681,Riverina,1.0
2700,Murray,0.0021463
2700,Riverina,0.9978537
2701,Riverina,1.0
2702,Riverina,1.0
2703,Riverina,1.0
2705,Riverina,1.0
2706,Riverina,1.0
2707,Murray,0.004481
2707,Riverina,0.995519
2710,Murray,0.9999999
2711,Murray,0.9297725
2711,Riverina,0.0702275
2712,Murray,0.9999133
2713,Murray,1.0
2714,Murray,0.9996185
2714,Shepparton,0.0003815
2715,Murray,0.9998619
2715,North West,0.0001381
2716,Murray,0.9999972
2717,Murray,1.0
2720,Riverina,1.0
2721,Central West,1.0
2722,Riverina,1.0
2725,Riverina,1.0
2726,Capital Region,1.0
2727,Riverina,1.0
2729,Riverina,1.0
2730,Riverina,1.0
2731,Murray,1.0
2732,Murray,0.997461
2732,North West,0.002539
2733,Murray,1.0
2734,Murray,0.9999998
2735,Murray,0.9092328
2735,North West,0.0907672
2736,Murray,1.0
2737,Murray,1.0
2738,Murray,0.999919
2739,Murray,1.0
2745,Sydney - Outer West and Blue Mountains,0.9863722
2745,Sydney - South West,0.0136278
2747,Sydney - Blacktown,0.0115888
2747,Sydney - Outer West and Blue Mountains,0.9884112
2748,Sydney - Outer West and Blue Mountains,1.0
2749,Sydney - Outer West and Blue Mountains,1.0
2750,Sydney - Outer West and Blue Mountains,1.0
2752,Sydney - Outer West and Blue Mountains,0.9999998
2753,Sydney - Baulkham Hills and Hawkesbury,0.1923273
2753,Sydney - Outer West and Blue Mountains,0.8076727
2754,Sydney - Baulkham Hills and Hawkesbury,0.1300132
2754,Sydney - Outer West and Blue Mountains,0.8699868
2755,Sydney - Outer West and Blue Mountains,1.0
2756,Sydney - Baulkham Hills and Hawkesbury,0.518924
2756,Sydney - Outer West and Blue Mountains,0.481076
2757,Sydney - Baulkham Hills and Hawkesbury,1.0
2758,Sydney - Baulkham Hills and Hawkesbury,0.9968217
2758,Sydney - Outer West and Blue Mountains,0.0031783
2759,Sydney - Outer West and Blue Mountains,1.0
2760,Sydney - Blacktown,0.0545439
2760,Sydney - Outer West and Blue Mountains,0.9454561
2761,Sydney - Blacktown,1.0
2762,Sydney - Blacktown,1.0
2763,Sydney - Blacktown,1.0
2765,Sydney - Baulkham Hills and Hawkesbury,0.3851223
2765,Sydney - Blacktown,0.498256
2765,Sydney - Outer West and Blue Mountains,0.1166217
2766,Sydney - Blacktown,1.0
2767,Sydney - Blacktown,1.0
2768,Sydney - Blacktown,1.0
2769,Sydney - Blacktown,1.0
2770,Sydney - Blacktown,1.0
2773,Sydney - Outer West and Blue Mountains,1.0
2774,Sydney - Outer West and Blue Mountains,1.0
2775,Central Coast,0.311762
2775,Sydney - Baulkham Hills and Hawkesbury,0.688238
2776,Sydney - Outer West and Blue Mountains,1.0
2777,Sydney - Outer West and Blue Mountains,1.0
2778,Sydney - Outer West and Blue Mountains,1.0
2779,Sydney - Outer West and Blue Mountains,1.0
2780,Sydney - Outer West and Blue Mountains,1.0
2782,Sydney - Outer West and Blue Mountains,1.0
2783,Sydney - Outer West and Blue Mountains,1.0
2784,Sydney - Outer West and Blue Mountains,1.0
2785,Central West,0.0002311
2785,Sydney - Outer West and Blue Mountains,0.9997689
2786,Central West,0.0881609
2786,Sydney - Baulkham Hills and Hawkesbury,0.1391521
2786,Sydney - Outer West and Blue Mountains,0.7726869
2787,Capital Region,0.000469
2787,Central West,0.9875457
2787,Sydney - Outer West and Blue Mountains,0.0119853
2790,Central West,0.9998567
2790,Sydney - Outer West and Blue Mountains,0.0001433
2791,Central West,1.0
2792,Central West,1.0
2793,Central West,1.0
2794,Capital Region,0.0055272
2794,Central West,0.9944728
2795,Central West,1.0
2797,Central West,1.0
2798,Central West,1.0
2799,Central West,1.0
2800,Central West,1.0
2803,Capital Region,1.0
2804,Central West,1.0
2805,Central West,1.0
2806,Central West,1.0
2807,Capital Region,0.7119937
2807,Central West,0.2880063
2808,Capital Region,0.2208211
2808,Central West,0.7791789
2809,Central West,1.0
2810,Central West,1.0
2820,Far West and Orana,1.0
2821,Far West and Orana,1.0
2823,Central West,0.0021291
2823,Far West and Orana,0.9978709
2824,Far West and Orana,1.0
2825,Central West,0.0042114
2825,Far West and Orana,0.9957886
2827,Far West and Orana,1.0
2828,Far West and Orana,1.0
2829,Far West and Orana,1.0
2830,Far West and Orana,1.0
2831,Far West and Orana,1.0
2832,Far West and Orana,1.0
2833,Far West and Orana,0.947009
2833,New England and North West,0.052991
2834,Far West and Orana,1.0
2835,Far West and Orana,1.0
2836,Far West and Orana,1.0
2839,Far West and Orana,1.0
2840,Far West and Orana,1.0
2842,Far West and Orana,1.0
2843,Far West and Orana,1.0
2844,Central West,1.0
2845,Central West,1.0
2846,Central West,1.0
2847,Central West,1.0
2848,Central West,1.0
2849,Central West,1.0
2850,Central West,0.9986507
2850,Far West and Orana,0.0006853
2850,Hunter Valley exc Newcastle,0.000664
2852,Central West,0.9965597
2852,Far West and Orana,0.0034403
2864,Central West,1.0
2865,Central West,1.0
2866,Central West,0.9232072
2866,Far West and Orana,0.0767928
2867,Central West,0.8947584
2867,Far West and Orana,0.1052416
2868,Central West,0.0396506
2868,Far West and Orana,0.9603494
2869,Central West,0.7786982
2869,Far West and Orana,0.2213018
2870,Central West,1.0
2871,Central West,1.0
2873,Central West,1.0
2874,Central West,1.0
2875,Central West,1.0
2876,Central West,1.0
2877,Central West,0.9327559
2877,Far West and Orana,0.0672441
2878,Far West and Orana,0.8502832
2878,Murray,0.1497168
2879,Far West and Orana,1.0
2880,Far West and Orana,1.0
2898,Mid North Coast,1.0
2900,Capital Region,0.0026987
2900,Australian Capital Territory,0.9973013
2902,Australian Capital Territory,1.0
2903,Australian Capital Territory,1.0
2904,Australian Capital Territory,1.0
2905,Australian Capital Territory,1.0
2906,Australian Capital Territory,1.0
2911,Australian Capital Territory,1.0
2912,Australian Capital Territory,1.0
2913,Australian Capital Territory,1.0
2914,Australian Capital Territory,1.0
3000,Melbourne - Inner,1.0
3002,Melbourne - Inner,1.0
3003,Melbourne - Inner,1.0
3004,Melbourne - Inner,1.0
3005,Melbourne - Inner,1.0
3006,Melbourne - Inner,1.0
3008,Melbourne - Inner,1.0
3010,Melbourne - Inner,1.0
3011,Melbourne - West,1.0
3012,Melbourne - West,1.0
3013,Melbourne - West,1.0
3015,Melbourne - West,1.0
3016,Melbourne - West,1.0
3018,Melbourne - West,1.0
3019,Melbourne - West,1.0
3020,Melbourne - West,1.0
3021,Melbourne - West,1.0
3022,Melbourne - West,1.0
3023,Melbourne - West,1.0
3024,Melbourne - West,1.0
3025,Melbourne - West,1.0
3026,Melbourne - West,1.0
3027,Melbourne - West,1.0
3028,Melbourne - West,1.0
3029,Melbourne - West,1.0
3030,Melbourne - West,1.0
3031,Melbourne - Inner,1.0
3032,Melbourne - Inner,0.5990001
3032,Melbourne - West,0.4009999
3033,Melbourne - North West,1.0
3034,Melbourne - North West,1.0
3036,Melbourne - North West,0.9763725
3036,Melbourne - West,0.0236275
3037,Melbourne - West,1.0
3038,Melbourne - West,0.9999366
3039,Melbourne - Inner,1.0
3040,Melbourne - Inner,0.9414697
3040,Melbourne - North West,0.0585303
3041,Melbourne - Inner,0.2021062
3041,Melbourne - North West,0.7978938
3042,Melbourne - North West,1.0
3043,Melbourne - North West,1.0
3044,Melbourne - Inner,0.3904777
3044,Melbourne - North West,0.6095223
3045,Melbourne - North West,1.0
3046,Melbourne - North West,1.0
3047,Melbourne - North West,1.0
3048,Melbourne - North West,1.0
3049,Melbourne - North West,1.0
3050,Melbourne - Inner,1.0
3051,Melbourne - Inner,1.0
3052,Melbourne - Inner,1.0
3053,Melbourne - Inner,1.0
3054,Melbourne - Inner,1.0
3055,Melbourne - Inner,1.0
3056,Melbourne - Inner,1.0
3057,Melbourne - Inner,1.0
3058,Melbourne - Inner,0.7869082
3058,Melbourne - North East,0.0082156
3058,Melbourne - North West,0.2048762
3059,Melbourne - North West,1.0
3060,Melbourne - North West,1.0
3061,Melbourne - North West,1.0
3062,Melbourne - North West,1.0
3063,Melbourne - North West,1.0
3064,Melbourne - North East,0.0028181
3064,Melbourne - North West,0.9971819
3065,Melbourne - Inner,1.0
3066,Melbourne - Inner,1.0
3067,Melbourne - Inner,1.0
3068,Melbourne - Inner,1.0
3070,Melbourne - Inner,1.0
3071,Melbourne - Inner,1.0
3072,Melbourne - North East,1.0
3073,Melbourne - North East,1.0
3074,Melbourne - North East,1.0
3075,Melbourne - North East,1.0
3076,Melbourne - North East,1.0
3078,Melbourne - Inner,1.0
3079,Melbourne - North East,1.0
3081,Melbourne - North East,1.0
3082,Melbourne - North East,1.0
3083,Melbourne - North East,1.0
3084,Melbourne - North East,1.0
3085,Melbourne - North East,1.0
3086,Melbourne - North East,1.0
3087,Melbourne - North East,1.0
3088,Melbourne - North East,1.0
3089,Melbourne - North East,1.0
3090,Melbourne - North East,1.0
3091,Melbourne - North East,1.0
3093,Melbourne - North East,1.0
3094,Melbourne - North East,1.0
3095,Melbourne - North East,1.0
3096,Melbourne - North East,1.0
3097,Melbourne - North East,1.0
3099,Melbourne - North East,1.0
3101,Melbourne - Inner,0.0006677
3101,Melbourne - Inner East,0.9993323
3102,Melbourne - Inner East,1.0
3103,Melbourne - Inner East,1.0
3104,Melbourne - Inner East,1.0
3105,Melbourne - Inner East,1.0
3106,Melbourne - Inner East,1.0
3107,Melbourne - Inner East,1.0
3108,Melbourne - Inner East,1.0
3109,Melbourne - Inner East,0.9989643
3109,Melbourne - Outer East,0.0010357
3111,Melbourne - Inner East,0.0191073
3111,Melbourne - Outer East,0.9808927
3113,Melbourne - North East,0.3484514
3113,Melbourne - Outer East,0.6515486
3114,Melbourne - Outer East,1.0
3115,Melbourne - Outer East,1.0
3116,Melbourne - Outer East,1.0
3121,Melbourne - Inner,1.0
3122,Melbourne - Inner East,1.0
3123,Melbourne - Inner East,1.0
3124,Melbourne - Inner East,1.0
3125,Melbourne - Inner East,0.8170129
3125,Melbourne - South East,0.1829871
3126,Melbourne - Inner East,1.0
3127,Melbourne - Inner East,1.0
3128,Melbourne - Inner East,1.0
3129,Melbourne - Inner East,1.0
3130,Melbourne - Inner East,1.0
3131,Melbourne - Outer East,1.0
3132,Melbourne - Outer East,1.0
3133,Melbourne - Outer East,1.0
3134,Melbourne - Outer East,1.0
3135,Melbourne - Outer East,1.0
3136,Melbourne - Outer East,1.0
3137,Melbourne - Outer East,1.0
3138,Melbourne - Outer East,1.0
3139,Melbourne - Outer East,0.9998638
3139,Melbourne - South East,0.0001362
3140,Melbourne - Outer East,1.0
3141,Melbourne - Inner,1.0
3142,Melbourne - Inner,0.9986932
3142,Melbourne - Inner East,0.0013068
3143,Melbourne - Inner,1.0
3144,Melbourne - Inner,0.022822
3144,Melbourne - Inner South,0.977178
3145,Melbourne - Inner East,0.0006565
3145,Melbourne - Inner South,0.9993435
3146,Melbourne - Inner East,0.6350176
3146,Melbourne - Inner South,0.3649824
3147,Melbourne - Inner East,0.5612872
3147,Melbourne - South East,0.4387128
3148,Melbourne - South East,1.0
3149,Melbourne - South East,1.0
3150,Melbourne - South East,0.9999983
3151,Melbourne - Inner East,1.0
3152,Melbourne - Outer East,1.0
3153,Melbourne - Outer East,1.0
3154,Melbourne - Outer East,1.0
3155,Melbourne - Outer East,1.0
3156,Melbourne - Outer East,0.9745143
3156,Melbourne - South East,0.0254857
3158,Melbourne - Outer East,1.0
3159,Melbourne - Outer East,1.0
3160,Melbourne - Outer East,1.0
3161,Melbourne - Inner South,1.0
3162,Melbourne - Inner South,1.0
3163,Melbourne - Inner South,1.0
3165,Melbourne - Inner South,1.0
3166,Melbourne - Inner South,0.3155652
3166,Melbourne - South East,0.6844348
3167,Melbourne - South East,1.0
3168,Melbourne - South East,1.0
3169,Melbourne - Inner South,0.0007164
3169,Melbourne - South East,0.9992836
3170,Melbourne - South East,1.0
3171,Melbourne - South East,1.0
3172,Melbourne - South East,0.9999106
3173,Melbourne - South East,1.0
3174,Melbourne - South East,1.0
3175,Melbourne - Inner South,0.0012273
3175,Melbourne - South East,0.9987727
3177,Melbourne - South East,1.0
3178,Melbourne - Outer East,1.0
3179,Melbourne - Outer East,1.0
3180,Melbourne - Outer East,1.0
3181,Melbourne - Inner,1.0
3182,Melbourne - Inner,1.0
3183,Melbourne - Inner,0.7770161
3183,Melbourne - Inner South,0.2229839
3184,Melbourne - Inner,1.0
3185,Melbourne - Inner,0.1207959
3185,Melbourne - Inner South,0.8792041
3186,Melbourne - Inner South,1.0
3187,Melbourne - Inner South,1.0
3188,Melbourne - Inner South,1.0
3189,Melbourne - Inner South,1.0
3190,Melbourne - Inner South,1.0
3191,Melbourne - Inner South,1.0
3192,Melbourne - Inner South,1.0
3193,Melbourne - Inner South,1.0
3194,Melbourne - Inner South,1.0
3195,Melbourne - Inner South,1.0
3196,Melbourne - Inner South,1.0
3197,Melbourne - Inner South,0.9986178
3197,Mornington Peninsula,0.0013822
3198,Mornington Peninsula,1.0
3199,Mornington Peninsula,1.0
3200,Mornington Peninsula,1.0
3201,Mornington Peninsula,1.0
3202,Melbourne - Inner South,1.0
3204,Melbourne - Inner South,1.0
3205,Melbourne - Inner,1.0
3206,Melbourne - Inner,1.0
3207,Melbourne - Inner,1.0
3211,Geelong,0.390154
3211,Melbourne - West,0.609846
3212,Geelong,1.0
3214,Geelong,1.0
3215,Geelong,1.0
3216,Geelong,1.0
3217,Geelong,1.0
3218,Geelong,1.0
3219,Geelong,1.0
3220,Geelong,1.0
3221,Geelong,0.9753297
3221,Warrnambool and South West,0.0246703
3222,Geelong,1.0
3223,Geelong,1.0
3224,Geelong,1.0
3225,Geelong,1.0
3226,Geelong,1.0
3227,Geelong,1.0
3228,Geelong,1.0
3230,Geelong,1.0
3231,Geelong,1.0
3232,Geelong,1.0
3233,Warrnambool and South West,1.0
3235,Geelong,0.9801492
3235,Warrnambool and South West,0.0198508
3236,Warrnambool and South West,1.0
3237,Warrnambool and South West,1.0
3238,Warrnambool and South West,1.0
3239,Warrnambool and South West,1.0
3240,Geelong,1.0
3241,Geelong,0.9650293
3241,Warrnambool and South West,0.0349707
3242,Geelong,0.0260368
3242,Warrnambool and South West,0.9739632
3243,Warrnambool and South West,1.0
3249,Warrnambool and South West,1.0
3250,Warrnambool and South West,1.0
3251,Warrnambool and South West,1.0
3254,Warrnambool and South West,1.0
3260,Warrnambool and South West,1.0
3264,Warrnambool and South West,1.0
3265,Warrnambool and South West,1.0
3266,Warrnambool and South West,1.0
3267,Warrnambool and South West,1.0
3268,Warrnambool and South West,1.0
3269,Warrnambool and South West,1.0
3270,Warrnambool and South West,1.0
3271,North West,0.0732752
3271,Warrnambool and South West,0.9267248
3272,North West,0.0158984
3272,Warrnambool and South West,0.9841016
3273,Warrnambool and South West,1.0
3274,Warrnambool and South West,1.0
3275,Warrnambool and South West,1.0
3276,Warrnambool and South West,1.0
3277,Warrnambool and South West,1.0
3278,Warrnambool and South West,1.0
3279,Warrnambool and South West,1.0
3280,Warrnambool and South West,1.0
3281,Warrnambool and South West,1.0
3282,Warrnambool and South West,1.0
3283,Warrnambool and South West,1.0
3284,Warrnambool and South West,1.0
3285,Warrnambool and South West,1.0
3286,Warrnambool and South West,1.0
3287,Warrnambool and South West,1.0
3289,Warrnambool and South West,1.0
3292,Warrnambool and South West,1.0
3293,North West,0.1486192
3293,Warrnambool and South West,0.8513808
3294,North West,0.002733
3294,Warrnambool and South West,0.997267
3300,Warrnambool and South West,1.0
3301,Warrnambool and South West,1.0
3302,Warrnambool and South West,1.0
3303,Warrnambool and South West,1.0
3304,Warrnambool and South West,1.0
3305,Warrnambool and South West,1.0
3309,Warrnambool and South West,1.0
3310,Warrnambool and South West,1.0
3311,Warrnambool and South West,1.0
3312,North West,0.1947215
3312,Warrnambool and South West,0.8052785
3314,Warrnambool and South West,0.9999981
3315,Warrnambool and South West,1.0
3317,North West,0.8805974
3317,Warrnambool and South West,0.1194026
3318,North West,0.9969676
3318,South Australia - South East,0.0030324
3319,North West,1.0
3321,Geelong,0.9886013
3321,Warrnambool and South West,0.0113987
3322,Geelong,0.1360909
3322,Warrnambool and South West,0.8639091
3323,Warrnambool and South West,0.9999889
3324,Ballarat,0.0032718
3324,Warrnambool and South West,0.9967282
3325,Ballarat,0.0008908
3325,Warrnambool and South West,0.9991092
3328,Geelong,1.0
3329,Geelong,0.9892052
3329,Warrnambool and South West,0.0107948
3330,Geelong,1.0
3331,Geelong,1.0
3332,Geelong,1.0
3333,Ballarat,0.0038033
3333,Geelong,0.9961967
3334,Ballarat,0.9874209
3334,Geelong,0.0125791
3335,Melbourne - West,1.0
3337,Melbourne - North West,0.0005479
3337,Melbourne - West,0.9994521
3338,Melbourne - West,1.0
3340,Ballarat,0.0370975
3340,Geelong,0.0069241
3340,Melbourne - West,0.9559783
3341,Ballarat,0.88146
3341,Melbourne - West,0.11854
3342,Ballarat,0.9974929
3342,Geelong,0.0025071
3345,Ballarat,1.0
3350,Ballarat,1.0
3351,Ballarat,0.9224985
3351,Geelong,0.0057603
3351,North West,0.0714851
3351,Warrnambool and South West,0.0002561
3352,Ballarat,0.9500053
3352,Geelong,0.0490957
3352,Warrnambool and South West,0.000899
3355,Ballarat,1.0
3356,Ballarat,1.0
3357,Ballarat,1.0
3360,Ballarat,0.993623
3360,Warrnambool and South West,0.006377
3361,Ballarat,0.1855115
3361,North West,0.0068802
3361,Warrnambool and South West,0.8076083
3363,Ballarat,1.0
3364,Ballarat,0.9683073
3364,Bendigo,0.0316927
3370,Ballarat,1.0
3371,Ballarat,1.0
3373,Ballarat,0.9946895
3373,North West,0.0053105
3374,North West,1.0
3375,Ballarat,0.1288101
3375,North West,0.8711899
3377,Ballarat,0.0109528
3377,North West,0.9890472
3378,North West,1.0
3379,North West,0.9465055
3379,Warrnambool and South West,0.0534945
3380,North West,1.0
3381,North West,1.0
3384,Ballarat,0.4304355
3384,North West,0.5695645
3385,North West,1.0
3387,North West,1.0
3388,North West,1.0
3390,North West,1.0
3391,North West,1.0
3392,North West,1.0
3393,North West,1.0
3395,North West,1.0
3396,North West,1.0
3400,North West,1.0
3401,North West,0.9923685
3401,Warrnambool and South West,0.0076315
3407,Warrnambool and South West,1.0
3409,North West,1.0
3412,North West,1.0
3413,North West,1.0
3414,North West,1.0
3415,North West,1.0
3418,North West,1.0
3419,North West,1.0
3420,North West,1.0
3423,North West,1.0
3424,North West,1.0
3427,Melbourne - North West,0.9946368
3427,Melbourne - West,0.0053632
3428,Melbourne - North West,1.0
3429,Melbourne - North West,1.0
3430,Melbourne - North West,1.0
3431,Melbourne - North West,1.0
3432,Melbourne - North West,1.0
3433,Melbourne - North West,1.0
3434,Melbourne - North West,1.0
3435,Bendigo,0.0016506
3435,Hume,0.0213988
3435,Melbourne - North West,0.9769506
3437,Bendigo,0.000235
3437,Melbourne - North West,0.999765
3438,Melbourne - North West,1.0
3440,Bendigo,0.0011127
3440,Melbourne - North West,0.9988873
3441,Melbourne - North West,1.0
3442,Bendigo,0.9608937
3442,Melbourne - North West,0.0391063
3444,Ballarat,0.0130194
3444,Bendigo,0.9770482
3444,Hume,0.0099324
3446,Ballarat,0.1848039
3446,Bendigo,0.8151961
3447,Ballarat,0.0065633
3447,Bendigo,0.9934367
3448,Bendigo,1.0
3450,Bendigo,1.0
3451,Ballarat,0.0083082
3451,Bendigo,0.9916918
3453,Bendigo,1.0
3458,Ballarat,0.9430156
3458,Bendigo,0.0569844
3460,Ballarat,1.0
3461,Ballarat,0.9746071
3461,Bendigo,0.0253929
3462,Bendigo,1.0
3463,Bendigo,0.9999074
3464,Ballarat,1.0
3465,Ballarat,0.9977938
3465,North West,0.0021577
3467,Ballarat,1.0
3468,Ballarat,1.0
3469,Ballarat,1.0
3472,Ballarat,0.9731455
3472,Bendigo,0.0268545
3475,Ballarat,0.6956766
3475,Bendigo,0.1703047
3475,North West,0.1340187
3477,Ballarat,0.0996619
3477,Bendigo,0.002374
3477,North West,0.8979641
3478,Ballarat,0.093233
3478,North West,0.906767
3480,North West,1.0
3482,North West,1.0
3483,North West,1.0
3485,North West,1.0
3487,North West,1.0
3488,North West,1.0
3489,North West,1.0
3490,Murray,0.000134
3490,North West,0.999866
3491,North West,1.0
3494,Murray,0.0001405
3494,North West,0.9998595
3496,North West,1.0
3498,Murray,0.0005161
3498,North West,0.9994839
3500,North West,1.0
3501,Murray,0.0185054
3501,North West,0.9814946
3505,Murray,0.000698
3505,North West,0.999302
3506,North West,1.0
3507,North West,1.0
3509,North West,1.0
3512,North West,1.0
3515,Bendigo,1.0
3516,Bendigo,1.0
3517,Bendigo,1.0
3518,Bendigo,0.9985195
3518,North West,0.0014805
3520,Bendigo,1.0
3521,Hume,1.0
3522,Hume,1.0
3523,Bendigo,0.9667721
3523,Hume,0.0112455
3523,Shepparton,0.0219824
3525,Bendigo,0.0742245
3525,North West,0.9257755
3527,Bendigo,0.0048965
3527,North West,0.9951035
3529,North West,1.0
3530,North West,1.0
3531,North West,1.0
3533,North West,1.0
3537,Bendigo,0.999999
3540,North West,1.0
3542,North West,1.0
3544,North West,1.0
3546,North West,1.0
3549,Murray,0.003806
3549,North West,0.996194
3550,Bendigo,1.0
3551,Ballarat,0.0002891
3551,Bendigo,0.9906586
3551,Shepparton,0.0090523
3555,Bendigo,1.0
3556,Bendigo,1.0
3557,Bendigo,0.9192894
3557,Shepparton,0.0807106
3558,Bendigo,0.9490116
3558,Shepparton,0.0509884
3559,Bendigo,0.0799772
3559,Shepparton,0.9200228
3561,Shepparton,1.0
3562,Shepparton,1.0
3563,Shepparton,1.0
3564,Murray,0.0012102
3564,Shepparton,0.9987898
3565,Shepparton,1.0
3566,Shepparton,1.0
3567,Bendigo,0.0146903
3567,North West,0.9853097
3568,North West,1.0
3570,Bendigo,1.0
3571,Bendigo,1.0
3572,Bendigo,0.2967557
3572,Shepparton,0.7032443
3573,Bendigo,0.843744
3573,Shepparton,0.156256
3575,Bendigo,1.0
3576,Bendigo,1.0
3579,Murray,0.0005321
3579,Bendigo,0.0062536
3579,North West,0.9932143
3580,North West,0.9999521
3581,North West,1.0
3583,North West,1.0
3584,North West,1.0
3585,Murray,0.0234001
3585,North West,0.9765999
3586,Murray,0.0697618
3586,North West,0.9302382
3588,North West,1.0
3589,North West,1.0
3590,North West,1.0
3591,North West,1.0
3594,North West,1.0
3595,North West,1.0
3596,North West,1.0
3597,North West,1.0
3599,North West,1.0
3607,Hume,1.0
3608,Hume,0.9991645
3608,Shepparton,0.0008355
3610,Hume,0.0091643
3610,Shepparton,0.9908357
3612,Hume,0.0214434
3612,Shepparton,0.9785566
3614,Shepparton,1.0
3616,Shepparton,1.0
3617,Shepparton,1.0
3618,Shepparton,1.0
3620,Shepparton,1.0
3621,Shepparton,1.0
3622,Shepparton,1.0
3623,Shepparton,1.0
3624,Shepparton,1.0
3629,Shepparton,1.0
3630,Shepparton,1.0
3631,Hume,0.0063733
3631,Shepparton,0.9936267
3633,Shepparton,1.0
3634,Shepparton,1.0
3635,Shepparton,1.0
3636,Shepparton,1.0
3637,Shepparton,1.0
3638,Shepparton,1.0
3639,Murray,0.0193143
3639,Shepparton,0.9806857
3640,Shepparton,1.0
3641,Shepparton,1.0
3644,Murray,0.1972486
3644,Shepparton,0.8027514
3646,Hume,0.0069592
3646,Shepparton,0.9930408
3647,Shepparton,1.0
3649,Shepparton,1.0
3658,Hume,0.9137337
3658,Melbourne - North East,0.0862663
3659,Hume,1.0
3660,Hume,1.0
3662,Hume,1.0
3663,Hume,1.0
3664,Hume,1.0
3665,Hume,1.0
3666,Hume,1.0
3669,Hume,0.9674184
3669,Shepparton,0.0325816
3670,Hume,1.0
3672,Hume,1.0
3673,Hume,1.0
3675,Hume,0.974713
3675,Shepparton,0.025287
3677,Hume,1.0
3678,Hume,0.9926628
3678,Shepparton,0.0073372
3682,Hume,1.0
3683,Hume,1.0
3685,Hume,0.9989621
3685,Shepparton,0.0009879
3687,Hume,1.0
3688,Hume,1.0
3690,Hume,0.9999843
3691,Murray,0.0032229
3691,Hume,0.9967771
3694,Murray,0.0001123
3694,Hume,0.9998877
3695,Hume,1.0
3697,Hume,1.0
3698,Hume,1.0
3699,Hume,0.9999962
3700,Hume,1.0
3701,Hume,0.9952943
3701,Latrobe - Gippsland,0.0047057
3704,Hume,1.0
3705,Hume,1.0
3707,Riverina,0.0419675
3707,Hume,0.9580308
3708,Hume,1.0
3709,Murray,0.0013825
3709,Riverina,0.001255
3709,Hume,0.9973626
3711,Hume,1.0
3712,Hume,1.0
3713,Hume,1.0
3714,Hume,1.0
3715,Hume,1.0
3717,Hume,1.0
3718,Hume,1.0
3719,Hume,1.0
3720,Hume,1.0
3722,Hume,1.0
3723,Hume,0.9999823
3725,Hume,1.0
3726,Hume,1.0
3727,Shepparton,1.0
3728,Shepparton,1.0
3730,Shepparton,0.9999764
3732,Hume,1.0
3733,Hume,1.0
3735,Hume,1.0
3737,Hume,1.0
3738,Hume,1.0
3739,Hume,1.0
3740,Hume,1.0
3741,Hume,1.0
3744,Hume,1.0
3746,Hume,1.0
3747,Hume,1.0
3749,Hume,1.0
3750,Melbourne - North East,1.0
3751,Melbourne - North East,1.0
3752,Melbourne - North East,1.0
3753,Melbourne - North East,1.0
3754,Melbourne - North East,1.0
3755,Melbourne - North East,1.0
3756,Melbourne - North East,0.944987
3756,Melbourne - North West,0.055013
3757,Melbourne - North East,1.0
3758,Melbourne - North East,1.0
3759,Melbourne - North East,1.0
3760,Melbourne - North East,1.0
3761,Melbourne - North East,1.0
3762,Melbourne - North East,0.9705815
3762,Melbourne - North West,0.0294185
3763,Melbourne - North East,1.0
3764,Hume,0.9993473
3764,Melbourne - North West,0.0006527
3765,Melbourne - Outer East,1.0
3766,Melbourne - Outer East,1.0
3767,Melbourne - Outer East,1.0
3770,Melbourne - Outer East,1.0
3775,Melbourne - North East,0.0966401
3775,Melbourne - Outer East,0.9033599
3777,Melbourne - North East,0.0544369
3777,Melbourne - Outer East,0.9455631
3778,Hume,0.9999842
3779,Hume,1.0
3781,Melbourne - South East,1.0
3782,Melbourne - Outer East,0.1114076
3782,Melbourne - South East,0.8885924
3783,Melbourne - South East,1.0
3785,Melbourne - Outer East,1.0
3786,Melbourne - Outer East,1.0
3787,Melbourne - Outer East,1.0
3788,Melbourne - Outer East,1.0
3789,Melbourne - Outer East,1.0
3791,Melbourne - Outer East,1.0
3792,Melbourne - Outer East,1.0
3793,Melbourne - Outer East,1.0
3795,Melbourne - Outer East,1.0
3796,Melbourne - Outer East,1.0
3797,Melbourne - Outer East,1.0
3799,Hume,0.0374279
3799,Melbourne - Outer East,0.9625217
3800,Melbourne - South East,1.0
3802,Melbourne - South East,1.0
3803,Melbourne - South East,1.0
3804,Melbourne - Outer East,0.0601032
3804,Melbourne - South East,0.9398968
3805,Melbourne - South East,1.0
3806,Melbourne - South East,1.0
3807,Melbourne - South East,1.0
3808,Melbourne - South East,1.0
3809,Melbourne - South East,1.0
3810,Melbourne - South East,1.0
3812,Melbourne - South East,1.0
3813,Melbourne - South East,1.0
3814,Melbourne - South East,1.0
3815,Melbourne - South East,1.0
3816,Latrobe - Gippsland,0.9508416
3816,Melbourne - South East,0.0491584
3818,Latrobe - Gippsland,1.0
3820,Latrobe - Gippsland,1.0
3821,Latrobe - Gippsland,1.0
3822,Latrobe - Gippsland,1.0
3823,Latrobe - Gippsland,1.0
3824,Latrobe - Gippsland,1.0
3825,Latrobe - Gippsland,1.0
3831,Latrobe - Gippsland,1.0
3832,Latrobe - Gippsland,1.0
3833,Latrobe - Gippsland,0.9991511
3833,Melbourne - Outer East,0.0008459
3835,Latrobe - Gippsland,1.0
3840,Latrobe - Gippsland,1.0
3842,Latrobe - Gippsland,1.0
3844,Latrobe - Gippsland,1.0
3847,Latrobe - Gippsland,1.0
3850,Latrobe - Gippsland,1.0
3851,Latrobe - Gippsland,1.0
3852,Latrobe - Gippsland,1.0
3854,Latrobe - Gippsland,1.0
3856,Latrobe - Gippsland,1.0
3857,Latrobe - Gippsland,1.0
3858,Latrobe - Gippsland,0.9999986
3859,Latrobe - Gippsland,1.0
3860,Latrobe - Gippsland,1.0
3862,Latrobe - Gippsland,0.9999986
3864,Latrobe - Gippsland,1.0
3865,Latrobe - Gippsland,1.0
3869,Latrobe - Gippsland,1.0
3870,Latrobe - Gippsland,1.0
3871,Latrobe - Gippsland,1.0
3873,Latrobe - Gippsland,1.0
3874,Latrobe - Gippsland,1.0
3875,Latrobe - Gippsland,1.0
3878,Latrobe - Gippsland,1.0
3880,Latrobe - Gippsland,1.0
3882,Latrobe - Gippsland,1.0
3885,Latrobe - Gippsland,1.0
3886,Latrobe - Gippsland,1.0
3887,Latrobe - Gippsland,1.0
3888,Latrobe - Gippsland,1.0
3889,Latrobe - Gippsland,1.0
3890,Latrobe - Gippsland,1.0
3891,Latrobe - Gippsland,1.0
3892,Latrobe - Gippsland,1.0
3893,Latrobe - Gippsland,1.0
3895,Latrobe - Gippsland,1.0
3896,Latrobe - Gippsland,1.0
3898,Hume,0.1975126
3898,Latrobe - Gippsland,0.8024874
3900,Latrobe - Gippsland,1.0
3902,Latrobe - Gippsland,1.0
3903,Latrobe - Gippsland,1.0
3904,Latrobe - Gippsland,1.0
3909,Latrobe - Gippsland,1.0
3910,Mornington Peninsula,1.0
3911,Mornington Peninsula,1.0
3912,Melbourne - South East,0.247678
3912,Mornington Peninsula,0.752322
3913,Mornington Peninsula,1.0
3915,Mornington Peninsula,1.0
3916,Mornington Peninsula,1.0
3918,Mornington Peninsula,1.0
3919,Mornington Peninsula,1.0
3920,Mornington Peninsula,1.0
3921,Latrobe - Gippsland,1.0
3922,Latrobe - Gippsland,1.0
3923,Latrobe - Gippsland,1.0
3925,Latrobe - Gippsland,1.0
3926,Mornington Peninsula,1.0
3927,Mornington Peninsula,1.0
3928,Mornington Peninsula,1.0
3929,Mornington Peninsula,1.0
3930,Mornington Peninsula,1.0
3931,Mornington Peninsula,1.0
3933,Mornington Peninsula,1.0
3934,Mornington Peninsula,1.0
3936,Mornington Peninsula,1.0
3937,Mornington Peninsula,1.0
3938,Mornington Peninsula,1.0
3939,Mornington Peninsula,1.0
3940,Mornington Peninsula,1.0
3941,Mornington Peninsula,1.0
3942,Mornington Peninsula,1.0
3943,Mornington Peninsula,1.0
3944,Mornington Peninsula,1.0
3945,Latrobe - Gippsland,1.0
3946,Latrobe - Gippsland,1.0
3950,Latrobe - Gippsland,1.0
3951,Latrobe - Gippsland,1.0
3953,Latrobe - Gippsland,1.0
3954,Latrobe - Gippsland,1.0
3956,Latrobe - Gippsland,1.0
3957,Latrobe - Gippsland,1.0
3958,Latrobe - Gippsland,1.0
3959,Latrobe - Gippsland,1.0
3960,Latrobe - Gippsland,1.0
3962,Latrobe - Gippsland,1.0
3964,Latrobe - Gippsland,1.0
3965,Latrobe - Gippsland,1.0
3966,Latrobe - Gippsland,1.0
3967,Latrobe - Gippsland,1.0
3971,Latrobe - Gippsland,0.9999998
3975,Melbourne - South East,1.0
3976,Melbourne - South East,1.0
3977,Melbourne - South East,0.8433255
3977,Mornington Peninsula,0.1566745
3978,Melbourne - South East,1.0
3979,Latrobe - Gippsland,1.0
3980,Melbourne - South East,1.0
3981,Latrobe - Gippsland,0.0162322
3981,Melbourne - South East,0.9837678
3984,Latrobe - Gippsland,0.6374242
3984,Melbourne - South East,0.3625758
3987,Latrobe - Gippsland,0.9753204
3987,Melbourne - South East,0.0246796
3988,Latrobe - Gippsland,1.0
3990,Latrobe - Gippsland,1.0
3991,Latrobe - Gippsland,1.0
3992,Latrobe - Gippsland,1.0
3995,Latrobe - Gippsland,1.0
3996,Latrobe - Gippsland,1.0
4000,Brisbane Inner City,1.0
4005,Brisbane Inner City,1.0
4006,Brisbane Inner City,1.0
4007,Brisbane Inner City,0.9762707
4008,Brisbane - North,1.0
4009,Brisbane - North,0.2915326
4009,Brisbane Inner City,0.7084674
4010,Brisbane Inner City,1.0
4011,Brisbane Inner City,1.0
4012,Brisbane - North,0.9985674
4012,Brisbane Inner City,0.0014326
4013,Brisbane - North,1.0
4014,Brisbane - North,1.0
4017,Brisbane - North,1.0
4018,Brisbane - North,1.0
4019,Moreton Bay - North,1.0
4020,Moreton Bay - North,1.0
4021,Moreton Bay - North,1.0
4022,Moreton Bay - North,1.0
4025,Brisbane - East,1.0
4029,Brisbane Inner City,1.0
4030,Brisbane Inner City,1.0
4031,Brisbane - North,0.99956
4031,Brisbane Inner City,0.00044
4032,Brisbane - North,1.0
4034,Brisbane - North,1.0
4035,Brisbane - North,0.3244979
4035,Moreton Bay - South,0.6755021
4036,Brisbane - North,1.0
4037,Moreton Bay - South,1.0
4051,Brisbane - North,0.0004249
4051,Brisbane - West,0.3000919
4051,Brisbane Inner City,0.6994832
4053,Brisbane - North,0.6832483
4053,Brisbane - West,0.1842422
4053,Brisbane Inner City,0.0005373
4053,Moreton Bay - South,0.1319721
4054,Brisbane - West,0.5036696
4054,Moreton Bay - South,0.4963304
4055,Brisbane - West,0.4656861
4055,Moreton Bay - South,0.5343139
4059,Brisbane Inner City,1.0
4060,Brisbane - West,0.001649
4060,Brisbane Inner City,0.998351
4061,Brisbane - West,0.9871702
4061,Brisbane Inner City,0.0128298
4064,Brisbane Inner City,1.0
4065,Brisbane Inner City,1.0
4066,Brisbane - West,0.0083863
4066,Brisbane Inner City,0.9916137
4067,Brisbane - West,1.0
4068,Brisbane - West,0.9926348
4068,Brisbane Inner City,0.0073652
4069,Brisbane - West,0.9999744
4070,Brisbane - West,0.9982249
4070,Ipswich,0.0017751
4072,Brisbane - West,1.0
4073,Brisbane - West,1.0
4074,Brisbane - West,0.9768068
4074,Ipswich,0.0231932
4075,Brisbane - West,0.6602068
4075,Ipswich,0.3397932
4076,Ipswich,0.9999999
4077,Brisbane - South,0.0035407
4077,Ipswich,0.9964593
4078,Brisbane - South,0.0489075
4078,Ipswich,0.9510925
4101,Brisbane - South,0.0006969
4101,Brisbane Inner City,0.9993031
4102,Brisbane - South,0.9449405
4102,Brisbane Inner City,0.0550595
4103,Brisbane - South,1.0
4104,Brisbane - South,1.0
4105,Brisbane - South,1.0
4106,Brisbane - South,0.9915857
4106,Brisbane - West,0.0084143
4107,Brisbane - South,1.0
4108,Brisbane - South,1.0
4109,Brisbane - South,1.0
4110,Brisbane - South,0.9998866
4110,Ipswich,0.0001134
4111,Brisbane - South,1.0
4112,Brisbane - South,1.0
4113,Brisbane - South,1.0
4114,Logan - Beaudesert,0.9999981
4115,Brisbane - South,1.0
4116,Brisbane - South,1.0
4117,Brisbane - South,0.0351191
4117,Logan - Beaudesert,0.9648809
4118,Logan - Beaudesert,1.0
4119,Logan - Beaudesert,1.0
4120,Brisbane - South,1.0
4121,Brisbane - South,1.0
4122,Brisbane - South,1.0
4123,Brisbane - South,0.0671258
4123,Logan - Beaudesert,0.9328742
4124,Ipswich,0.0052835
4124,Logan - Beaudesert,0.9947165
4125,Logan - Beaudesert,1.0
4127,Brisbane - South,0.0002074
4127,Logan - Beaudesert,0.9997926
4128,Logan - Beaudesert,1.0
4129,Logan - Beaudesert,1.0
4130,Logan - Beaudesert,1.0
4131,Logan - Beaudesert,1.0
4132,Logan - Beaudesert,1.0
4133,Logan - Beaudesert,1.0
4151,Brisbane - South,0.9970356
4151,Brisbane Inner City,0.0029644
4152,Brisbane - South,0.9932947
4152,Brisbane Inner City,0.0067053
4153,Brisbane - East,0.9450534
4153,Brisbane - South,0.0549466
4154,Brisbane - East,1.0
4155,Brisbane - East,1.0
4156,Brisbane - East,0.0246239
4156,Brisbane - South,0.9753761
4157,Brisbane - East,1.0
4158,Brisbane - East,1.0
4159,Brisbane - East,1.0
4160,Brisbane - East,1.0
4161,Brisbane - East,1.0
4163,Brisbane - East,1.0
4164,Brisbane - East,1.0
4165,Brisbane - East,1.0
4169,Brisbane - South,0.0007942
4169,Brisbane Inner City,0.9992058
4170,Brisbane - East,0.0012045
4170,Brisbane - South,0.2084581
4170,Brisbane Inner City,0.7903374
4171,Brisbane Inner City,1.0
4172,Brisbane - East,0.9906801
4172,Brisbane - South,0.009194
4172,Brisbane Inner City,0.000126
4173,Brisbane - East,1.0
4174,Brisbane - East,1.0
4178,Brisbane - East,1.0
4179,Brisbane - East,1.0
4183,Brisbane - East,1.0
4184,Brisbane - East,1.0
4205,Logan - Beaudesert,1.0
4207,Gold Coast,0.0830487
4207,Logan - Beaudesert,0.9169513
4208,Gold Coast,1.0
4209,Gold Coast,1.0
4210,Gold Coast,1.0
4211,Gold Coast,1.0
4212,Gold Coast,1.0
4213,Gold Coast,1.0
4214,Gold Coast,1.0
4215,Gold Coast,1.0
4216,Gold Coast,1.0
4217,Gold Coast,1.0
4218,Gold Coast,1.0
4219,Gold Coast,1.0
4220,Gold Coast,1.0
4221,Gold Coast,1.0
4223,Gold Coast,1.0
4224,Gold Coast,1.0
4225,Gold Coast,1.0
4226,Gold Coast,1.0
4227,Gold Coast,1.0
4228,Gold Coast,1.0
4229,Gold Coast,1.0
4230,Gold Coast,1.0
4270,Gold Coast,0.6710397
4270,Logan - Beaudesert,0.3289603
4271,Gold Coast,1.0
4272,Gold Coast,1.0
4275,Gold Coast,0.9462296
4275,Logan - Beaudesert,0.0537704
4280,Logan - Beaudesert,1.0
4285,Ipswich,0.0020561
4285,Logan - Beaudesert,0.9979439
4287,Ipswich,0.0020321
4287,Logan - Beaudesert,0.9979679
4300,Ipswich,1.0
4301,Ipswich,1.0
4303,Ipswich,1.0
4304,Ipswich,1.0
4305,Ipswich,1.0
4306,Darling Downs - Maranoa,0.0047317
4306,Ipswich,0.9070776
4306,Moreton Bay - North,0.0209973
4306,Wide Bay,0.0671934
4307,Ipswich,1.0
4309,Ipswich,1.0
4310,Ipswich,1.0
4311,Ipswich,0.9998935
4311,Toowoomba,0.0001065
4312,Ipswich,1.0
4313,Ipswich,0.9383824
4313,Moreton Bay - North,0.0616176
4340,Ipswich,1.0
4341,Ipswich,1.0
4342,Ipswich,0.9989789
4342,Toowoomba,0.0010211
4343,Ipswich,0.0733199
4343,Toowoomba,0.9266801
4344,Toowoomba,1.0
4345,Toowoomba,1.0
4346,Ipswich,1.0
4347,Toowoomba,1.0
4350,Darling Downs - Maranoa,0.0039327
4350,Toowoomba,0.9960673
4352,Darling Downs - Maranoa,0.1207053
4352,Toowoomba,0.8792947
4353,Darling Downs - Maranoa,1.0
4354,Darling Downs - Maranoa,1.0
4355,Darling Downs - Maranoa,1.0
4356,Darling Downs - Maranoa,1.0
4357,Darling Downs - Maranoa,1.0
4358,Darling Downs - Maranoa,0.3255526
4358,Toowoomba,0.6744474
4359,Darling Downs - Maranoa,0.9999991
4360,Darling Downs - Maranoa,1.0
4361,Darling Downs - Maranoa,1.0
4362,Darling Downs - Maranoa,1.0
4363,Darling Downs - Maranoa,1.0
4364,Darling Downs - Maranoa,1.0
4365,Darling Downs - Maranoa,1.0
4370,Darling Downs - Maranoa,1.0
4371,Darling Downs - Maranoa,1.0
4372,Darling Downs - Maranoa,1.0
4373,Darling Downs - Maranoa,1.0
4374,Darling Downs - Maranoa,1.0
4375,Darling Downs - Maranoa,1.0
4376,Darling Downs - Maranoa,1.0
4377,Darling Downs - Maranoa,1.0
4378,Darling Downs - Maranoa,1.0
4380,Darling Downs - Maranoa,1.0
4381,Darling Downs - Maranoa,1.0
4382,Darling Downs - Maranoa,1.0
4383,New England and North West,0.2941975
4383,Darling Downs - Maranoa,0.7058025
4384,Darling Downs - Maranoa,1.0
4385,New England and North West,0.0666157
4385,Darling Downs - Maranoa,0.9333843
4387,Darling Downs - Maranoa,1.0
4388,Darling Downs - Maranoa,1.0
4390,Darling Downs - Maranoa,1.0
4400,Darling Downs - Maranoa,0.0750844
4400,Toowoomba,0.9249156
4401,Darling Downs - Maranoa,1.0
4402,Darling Downs - Maranoa,1.0
4403,Darling Downs - Maranoa,1.0
4404,Darling Downs - Maranoa,1.0
4405,Darling Downs - Maranoa,0.9975202
4405,Wide Bay,0.0024798
4406,Darling Downs - Maranoa,1.0
4407,Darling Downs - Maranoa,1.0
4408,Darling Downs - Maranoa,1.0
4410,Darling Downs - Maranoa,1.0
4411,Darling Downs - Maranoa,1.0
4412,Darling Downs - Maranoa,1.0
4413,Darling Downs - Maranoa,1.0
4415,Darling Downs - Maranoa,1.0
4416,Darling Downs - Maranoa,1.0
4417,Darling Downs - Maranoa,1.0
4418,Darling Downs - Maranoa,1.0
4419,Darling Downs - Maranoa,0.9503628
4419,Fitzroy,0.0496372
4420,Darling Downs - Maranoa,0.0132828
4420,Fitzroy,0.9867172
4421,Darling Downs - Maranoa,1.0
4422,Darling Downs - Maranoa,1.0
4423,Darling Downs - Maranoa,1.0
4424,Darling Downs - Maranoa,1.0
4425,Darling Downs - Maranoa,1.0
4426,Darling Downs - Maranoa,1.0
4427,Darling Downs - Maranoa,1.0
4428,Darling Downs - Maranoa,1.0
4454,Darling Downs - Maranoa,1.0
4455,Darling Downs - Maranoa,1.0
4461,Darling Downs - Maranoa,1.0
4462,Darling Downs - Maranoa,1.0
4465,Darling Downs - Maranoa,1.0
4467,Darling Downs - Maranoa,0.9773909
4467,Queensland - Outback,0.0226091
4468,Queensland - Outback,1.0
4470,Queensland - Outback,1.0
4471,Queensland - Outback,1.0
4472,Queensland - Outback,1.0
4474,Queensland - Outback,1.0
4475,Queensland - Outback,1.0
4477,Queensland - Outback,1.0
4478,Queensland - Outback,1.0
4479,Queensland - Outback,1.0
4480,Queensland - Outback,1.0
4481,Queensland - Outback,1.0
4482,Queensland - Outback,1.0
4486,Darling Downs - Maranoa,1.0
4487,Darling Downs - Maranoa,1.0
4488,Darling Downs - Maranoa,0.8921279
4488,Queensland - Outback,0.1078721
4489,Queensland - Outback,1.0
4490,Queensland - Outback,1.0
4491,Queensland - Outback,1.0
4492,Queensland - Outback,1.0
4493,Far West and Orana,0.2666556
4493,Queensland - Outback,0.7333444
4494,Darling Downs - Maranoa,1.0
4496,Darling Downs - Maranoa,1.0
4497,Darling Downs - Maranoa,1.0
4498,Darling Downs - Maranoa,1.0
4500,Moreton Bay - South,1.0
4501,Moreton Bay - South,1.0
4502,Moreton Bay - South,1.0
4503,Moreton Bay - South,1.0
4504,Moreton Bay - North,1.0
4505,Moreton Bay - North,1.0
4506,Moreton Bay - North,1.0
4507,Moreton Bay - North,1.0
4508,Moreton Bay - North,1.0
4509,Moreton Bay - South,1.0
4510,Moreton Bay - North,1.0
4511,Moreton Bay - North,1.0
4512,Moreton Bay - North,1.0
4514,Moreton Bay - North,1.0
4515,Moreton Bay - North,1.0
4516,Moreton Bay - North,1.0
4517,Sunshine Coast,1.0
4518,Sunshine Coast,1.0
4519,Sunshine Coast,1.0
4520,Brisbane - West,0.0024846
4520,Moreton Bay - South,0.9975154
4521,Moreton Bay - North,0.1270916
4521,Moreton Bay - South,0.8729084
4550,Sunshine Coast,1.0
4551,Sunshine Coast,1.0
4552,Moreton Bay - North,0.0162759
4552,Sunshine Coast,0.9837241
4553,Sunshine Coast,1.0
4554,Sunshine Coast,1.0
4555,Sunshine Coast,1.0
4556,Sunshine Coast,1.0
4557,Sunshine Coast,1.0
4558,Sunshine Coast,1.0
4559,Sunshine Coast,1.0
4560,Sunshine Coast,1.0
4561,Sunshine Coast,1.0
4562,Sunshine Coast,1.0
4563,Sunshine Coast,0.9501205
4563,Wide Bay,0.0498795
4564,Sunshine Coast,1.0
4565,Sunshine Coast,1.0
4566,Sunshine Coast,1.0
4567,Sunshine Coast,1.0
4568,Sunshine Coast,1.0
4569,Sunshine Coast,1.0
4570,Wide Bay,0.9999448
4571,Sunshine Coast,1.0
4572,Sunshine Coast,1.0
4573,Sunshine Coast,1.0
4574,Sunshine Coast,0.9173532
4574,Wide Bay,0.0826468
4575,Sunshine Coast,1.0
4580,Wide Bay,1.0
4581,Wide Bay,1.0
4600,Wide Bay,1.0
4601,Wide Bay,1.0
4605,Wide Bay,1.0
4606,Wide Bay,1.0
4608,Wide Bay,1.0
4610,Darling Downs - Maranoa,0.0054454
4610,Wide Bay,0.9945546
4611,Wide Bay,1.0
4612,Wide Bay,1.0
4613,Wide Bay,1.0
4614,Darling Downs - Maranoa,0.9991564
4614,Wide Bay,0.0008436
4615,Wide Bay,1.0
4620,Wide Bay,1.0
4621,Wide Bay,1.0
4625,Wide Bay,1.0
4626,Darling Downs - Maranoa,0.0033896
4626,Wide Bay,0.9966104
4627,Wide Bay,1.0
4630,Wide Bay,1.0
4650,Wide Bay,1.0
4655,Wide Bay,0.9999956
4659,Wide Bay,1.0
4660,Wide Bay,1.0
4662,Wide Bay,1.0
4670,Wide Bay,1.0
4671,Wide Bay,1.0
4673,Wide Bay,1.0
4674,Fitzroy,0.999362
4674,Wide Bay,0.000638
4676,Fitzroy,0.9999934
4677,Fitzroy,1.0
4678,Fitzroy,1.0
4680,Fitzroy,0.9993699
4694,Fitzroy,1.0
4695,Fitzroy,1.0
4697,Fitzroy,1.0
4699,Fitzroy,1.0
4700,Fitzroy,1.0
4701,Fitzroy,1.0
4702,Fitzroy,0.9999892
4703,Fitzroy,1.0
4704,Fitzroy,1.0
4705,Fitzroy,0.4081157
4705,Mackay,0.5918843
4706,Fitzroy,1.0
4707,Mackay,1.0
4709,Fitzroy,1.0
4710,Fitzroy,1.0
4711,Fitzroy,1.0
4712,Fitzroy,1.0
4713,Fitzroy,1.0
4714,Fitzroy,1.0
4715,Fitzroy,1.0
4716,Fitzroy,1.0
4717,Fitzroy,1.0
4718,Fitzroy,1.0
4719,Fitzroy,1.0
4720,Fitzroy,1.0
4721,Fitzroy,0.0263641
4721,Mackay,0.9736359
4722,Fitzroy,1.0
4723,Fitzroy,1.0
4724,Queensland - Outback,1.0
4725,Queensland - Outback,1.0
4726,Queensland - Outback,1.0
4727,Queensland - Outback,1.0
4728,Queensland - Outback,1.0
4730,Queensland - Outback,1.0
4731,Queensland - Outback,1.0
4732,Queensland - Outback,1.0
4733,Queensland - Outback,1.0
4735,Queensland - Outback,1.0
4736,Queensland - Outback,1.0
4737,Mackay,1.0
4738,Mackay,1.0
4739,Mackay,1.0
4740,Mackay,1.0
4741,Mackay,1.0
4742,Mackay,1.0
4743,Mackay,1.0
4744,Mackay,1.0
4745,Fitzroy,0.0009322
4745,Mackay,0.9990678
4746,Mackay,1.0
4750,Mackay,1.0
4751,Mackay,1.0
4753,Mackay,1.0
4754,Mackay,1.0
4756,Mackay,1.0
4757,Mackay,1.0
4798,Mackay,1.0
4799,Mackay,1.0
4800,Mackay,1.0
4801,Mackay,1.0
4802,Mackay,1.0
4803,Mackay,1.0
4804,Mackay,1.0
4805,Mackay,1.0
4806,Townsville,1.0
4807,Townsville,1.0
4808,Townsville,1.0
4809,Queensland - Outback,0.0060056
4809,Townsville,0.9939944
4810,Townsville,1.0
4811,Townsville,1.0
4812,Townsville,1.0
4813,Townsville,1.0
4814,Townsville,1.0
4815,Townsville,1.0
4816,Cairns,0.0649376
4816,Queensland - Outback,0.0284794
4816,Townsville,0.9065828
4817,Townsville,1.0
4818,Townsville,1.0
4819,Townsville,1.0
4820,Mackay,0.0057755
4820,Townsville,0.9942245
4821,Queensland - Outback,1.0
4822,Queensland - Outback,1.0
4823,Queensland - Outback,1.0
4824,Queensland - Outback,1.0
4825,Queensland - Outback,0.978473
4825,Northern Territory - Outback,0.021527
4828,Queensland - Outback,1.0
4829,Queensland - Outback,1.0
4830,Queensland - Outback,1.0
4849,Cairns,1.0
4850,Townsville,0.9999999
4852,Cairns,1.0
4854,Cairns,1.0
4855,Cairns,1.0
4856,Cairns,1.0
4857,Cairns,1.0
4858,Cairns,0.9999993
4859,Cairns,1.0
4860,Cairns,1.0
4861,Cairns,1.0
4865,Cairns,1.0
4868,Cairns,1.0
4869,Cairns,1.0
4870,Cairns,1.0
4871,Cairns,0.4642029
4871,Queensland - Outback,0.5357971
4872,Cairns,0.6357743
4872,Queensland - Outback,0.3642257
4873,Cairns,1.0
4874,Queensland - Outback,0.9999996
4875,Queensland - Outback,0.9987417
4876,Queensland - Outback,1.0
4877,Cairns,1.0
4878,Cairns,1.0
4879,Cairns,1.0
4880,Cairns,0.8392845
4880,Queensland - Outback,0.1607155
4881,Cairns,1.0
4882,Cairns,1.0
4883,Cairns,1.0
4884,Cairns,1.0
4885,Cairns,1.0
4886,Cairns,1.0
4887,Cairns,0.8309421
4887,Queensland - Outback,0.1690579
4888,Cairns,1.0
4890,Queensland - Outback,1.0
4891,Queensland - Outback,1.0
4895,Cairns,0.006691
4895,Queensland - Outback,0.993309
5000,Adelaide - Central and Hills,1.0
5005,Adelaide - Central and Hills,1.0
5006,Adelaide - Central and Hills,1.0
5007,Adelaide - West,1.0
5008,Adelaide - West,1.0
5009,Adelaide - West,1.0
5010,Adelaide - West,1.0
5011,Adelaide - West,1.0
5012,Adelaide - West,1.0
5013,Adelaide - West,1.0
5014,Adelaide - West,1.0
5015,Adelaide - West,1.0
5016,Adelaide - West,1.0
5017,Adelaide - West,1.0
5018,Adelaide - West,1.0
5019,Adelaide - West,1.0
5020,Adelaide - West,1.0
5021,Adelaide - West,1.0
5022,Adelaide - West,1.0
5023,Adelaide - West,1.0
5024,Adelaide - West,1.0
5025,Adelaide - West,1.0
5031,Adelaide - West,1.0
5032,Adelaide - West,1.0
5033,Adelaide - West,1.0
5034,Adelaide - Central and Hills,1.0
5035,Adelaide - Central and Hills,0.7418505
5035,Adelaide - West,0.2581495
5037,Adelaide - South,0.1620242
5037,Adelaide - West,0.8379758
5038,Adelaide - South,0.4751966
5038,Adelaide - West,0.5248034
5039,Adelaide - South,1.0
5040,Adelaide - West,1.0
5041,Adelaide - South,1.0
5042,Adelaide - South,1.0
5043,Adelaide - South,1.0
5044,Adelaide - South,1.0
5045,Adelaide - South,0.9227454
5045,Adelaide - West,0.0772546
5046,Adelaide - South,1.0
5047,Adelaide - South,1.0
5048,Adelaide - South,1.0
5049,Adelaide - South,1.0
5050,Adelaide - South,1.0
5051,Adelaide - South,1.0
5052,Adelaide - South,0.9999997
5061,Adelaide - Central and Hills,1.0
5062,Adelaide - South,1.0
5063,Adelaide - Central and Hills,1.0
5064,Adelaide - Central and Hills,0.8969268
5064,Adelaide - South,0.1030732
5065,Adelaide - Central and Hills,1.0
5066,Adelaide - Central and Hills,1.0
5067,Adelaide - Central and Hills,1.0
5068,Adelaide - Central and Hills,1.0
5069,Adelaide - Central and Hills,1.0
5070,Adelaide - Central and Hills,0.9996408
5070,Adelaide - North,0.0003592
5072,Adelaide - Central and Hills,1.0
5073,Adelaide - Central and Hills,1.0
5074,Adelaide - Central and Hills,0.9995181
5074,Adelaide - North,0.0004819
5075,Adelaide - Central and Hills,0.6388142
5075,Adelaide - North,0.3611858
5076,Adelaide - Central and Hills,1.0
5081,Adelaide - Central and Hills,1.0
5082,Adelaide - Central and Hills,0.9659058
5082,Adelaide - West,0.0340942
5083,Adelaide - Central and Hills,0.5963078
5083,Adelaide - North,0.4036922
5084,Adelaide - North,1.0
5085,Adelaide - North,1.0
5086,Adelaide - North,1.0
5087,Adelaide - North,1.0
5088,Adelaide - North,1.0
5089,Adelaide - North,1.0
5090,Adelaide - North,1.0
5091,Adelaide - North,1.0
5092,Adelaide - North,1.0
5093,Adelaide - North,1.0
5094,Adelaide - North,0.9999922
5095,Adelaide - North,1.0
5096,Adelaide - North,1.0
5097,Adelaide - North,1.0
5098,Adelaide - North,1.0
5106,Adelaide - North,1.0
5107,Adelaide - North,1.0
5108,Adelaide - North,1.0
5109,Adelaide - North,1.0
5110,Adelaide - North,1.0
5111,Adelaide - North,1.0
5112,Adelaide - North,1.0
5113,Adelaide - North,1.0
5114,Adelaide - Central and Hills,0.0068606
5114,Adelaide - North,0.9931394
5115,Adelaide - North,1.0
5116,Adelaide - North,1.0
5117,Adelaide - North,1.0
5118,Adelaide - North,1.0
5120,Adelaide - North,1.0
5121,Adelaide - North,1.0
5125,Adelaide - North,1.0
5126,Adelaide - North,1.0
5127,Adelaide - North,1.0
5131,Adelaide - Central and Hills,0.8172978
5131,Adelaide - North,0.1827022
5132,Adelaide - Central and Hills,1.0
5133,Adelaide - Central and Hills,1.0
5134,Adelaide - Central and Hills,1.0
5136,Adelaide - Central and Hills,1.0
5137,Adelaide - Central and Hills,1.0
5138,Adelaide - Central and Hills,1.0
5139,Adelaide - Central and Hills,1.0
5140,Adelaide - Central and Hills,1.0
5141,Adelaide - Central and Hills,1.0
5142,Adelaide - Central and Hills,1.0
5144,Adelaide - Central and Hills,1.0
5150,Adelaide - Central and Hills,0.3852538
5150,Adelaide - South,0.6147462
5151,Adelaide - Central and Hills,1.0
5152,Adelaide - Central and Hills,0.9865546
5152,Adelaide - South,0.0134454
5153,Adelaide - Central and Hills,0.9652515
5153,Adelaide - South,0.0310952
5153,South Australia - South East,0.0036533
5154,Adelaide - Central and Hills,1.0
5155,Adelaide - Central and Hills,1.0
5156,Adelaide - Central and Hills,0.8248295
5156,Adelaide - South,0.1751705
5157,Adelaide - Central and Hills,0.0534383
5157,Adelaide - South,0.8334079
5157,South Australia - South East,0.1131538
5158,Adelaide - South,1.0
5159,Adelaide - South,1.0
5160,Adelaide - South,1.0
5161,Adelaide - South,1.0
5162,Adelaide - South,1.0
5163,Adelaide - South,1.0
5164,Adelaide - South,1.0
5165,Adelaide - South,1.0
5166,Adelaide - South,1.0
5167,Adelaide - South,1.0
5168,Adelaide - South,1.0
5169,Adelaide - South,1.0
5170,Adelaide - South,1.0
5171,Adelaide - South,1.0
5172,Adelaide - Central and Hills,0.0106296
5172,Adelaide - South,0.7860735
5172,South Australia - South East,0.2032969
5173,Adelaide - South,1.0
5174,Adelaide - South,0.9949488
5174,South Australia - South East,0.0050512
5201,Adelaide - Central and Hills,0.8757173
5201,South Australia - South East,0.1242827
5202,South Australia - South East,1.0
5203,South Australia - South East,1.0
5204,South Australia - South East,1.0
5210,South Australia - South East,1.0
5211,South Australia - South East,1.0
5212,South Australia - South East,1.0
5213,South Australia - South East,1.0
5214,South Australia - South East,1.0
5220,South Australia - South East,1.0
5221,South Australia - South East,1.0
5222,South Australia - South East,1.0
5223,South Australia - South East,1.0
5231,Adelaide - Central and Hills,0.9999999
5232,Adelaide - Central and Hills,1.0
5233,Adelaide - Central and Hills,1.0
5234,Adelaide - Central and Hills,0.9854216
5234,South Australia - South East,0.0145784
5235,Adelaide - Central and Hills,0.0244768
5235,Barossa - Yorke - Mid North,0.9212289
5235,South Australia - South East,0.0542943
5236,South Australia - South East,1.0
5237,South Australia - South East,1.0
5238,South Australia - South East,1.0
5240,Adelaide - Central and Hills,1.0
5241,Adelaide - Central and Hills,1.0
5242,Adelaide - Central and Hills,1.0
5243,Adelaide - Central and Hills,1.0
5244,Adelaide - Central and Hills,0.9894133
5244,South Australia - South East,0.0105867
5245,Adelaide - Central and Hills,1.0
5250,Adelaide - Central and Hills,1.0
5251,Adelaide - Central and Hills,1.0
5252,Adelaide - Central and Hills,0.9996061
5252,South Australia - South East,0.0003939
5253,South Australia - South East,1.0
5254,Adelaide - Central and Hills,0.1630085
5254,South Australia - South East,0.8369915
5255,South Australia - South East,1.0
5256,South Australia - South East,1.0
5259,South Australia - South East,1.0
5260,South Australia - South East,1.0
5261,South Australia - South East,1.0
5262,South Australia - South East,1.0
5263,South Australia - South East,1.0
5264,South Australia - South East,1.0
5265,South Australia - South East,1.0
5266,South Australia - South East,1.0
5267,South Australia - South East,1.0
5268,South Australia - South East,1.0
5269,South Australia - South East,1.0
5270,South Australia - South East,1.0
5271,South Australia - South East,1.0
5272,South Australia - South East,1.0
5273,South Australia - South East,1.0
5275,South Australia - South East,1.0
5276,South Australia - South East,1.0
5277,South Australia - South East,1.0
5278,South Australia - South East,1.0
5279,South Australia - South East,1.0
5280,South Australia - South East,1.0
5290,South Australia - South East,1.0
5291,South Australia - South East,1.0
5301,South Australia - South East,1.0
5302,South Australia - South East,1.0
5303,South Australia - South East,1.0
5304,South Australia - South East,1.0
5306,South Australia - South East,1.0
5307,South Australia - South East,1.0
5308,South Australia - South East,1.0
5309,South Australia - South East,1.0
5310,South Australia - South East,1.0
5311,South Australia - South East,1.0
5320,Barossa - Yorke - Mid North,0.0094418
5320,South Australia - South East,0.9905582
5321,South Australia - South East,1.0
5322,South Australia - South East,1.0
5330,South Australia - South East,1.0
5331,South Australia - South East,1.0
5332,South Australia - South East,1.0
5333,South Australia - South East,1.0
5340,South Australia - Outback,0.0002479
5340,South Australia - South East,0.9997521
5341,South Australia - South East,0.9999999
5342,South Australia - South East,1.0
5343,South Australia - South East,1.0
5344,South Australia - South East,1.0
5345,South Australia - South East,1.0
5346,South Australia - South East,1.0
5350,Barossa - Yorke - Mid North,1.0
5351,Barossa - Yorke - Mid North,0.9999998
5352,Barossa - Yorke - Mid North,1.0
5353,Barossa - Yorke - Mid North,0.7534364
5353,South Australia - South East,0.2465636
5354,South Australia - South East,1.0
5355,Barossa - Yorke - Mid North,1.0
5356,Barossa - Yorke - Mid North,0.1032973
5356,South Australia - South East,0.8967027
5357,South Australia - South East,1.0
5360,Barossa - Yorke - Mid North,1.0
5371,Adelaide - North,0.8378907
5371,Barossa - Yorke - Mid North,0.1621093
5372,Adelaide - North,0.0047233
5372,Barossa - Yorke - Mid North,0.9952767
5373,Barossa - Yorke - Mid North,1.0
5374,Barossa - Yorke - Mid North,0.9814477
5374,South Australia - South East,0.0185523
5381,Barossa - Yorke - Mid North,1.0
5400,Adelaide - North,0.0451657
5400,Barossa - Yorke - Mid North,0.9548343
5401,Barossa - Yorke - Mid North,1.0
5410,Barossa - Yorke - Mid North,1.0
5411,Barossa - Yorke - Mid North,1.0
5412,Barossa - Yorke - Mid North,1.0
5413,Barossa - Yorke - Mid North,1.0
5414,Barossa - Yorke - Mid North,1.0
5415,Barossa - Yorke - Mid North,1.0
5416,Barossa - Yorke - Mid North,1.0
5417,Barossa - Yorke - Mid North,1.0
5418,Barossa - Yorke - Mid North,1.0
5419,Barossa - Yorke - Mid North,1.0
5420,Barossa - Yorke - Mid North,1.0
5421,Barossa - Yorke - Mid North,1.0
5422,Barossa - Yorke - Mid North,1.0
5431,Barossa - Yorke - Mid North,1.0
5432,Barossa - Yorke - Mid North,0.7840763
5432,South Australia - Outback,0.2159237
5433,Barossa - Yorke - Mid North,0.0113839
5433,South Australia - Outback,0.9886161
5434,South Australia - Outback,1.0
5440,Barossa - Yorke - Mid North,0.0086121
5440,South Australia - Outback,0.9658153
5440,South Australia - South East,0.0255726
5451,Barossa - Yorke - Mid North,1.0
5452,Barossa - Yorke - Mid North,1.0
5453,Barossa - Yorke - Mid North,1.0
5454,Barossa - Yorke - Mid North,1.0
5455,Barossa - Yorke - Mid North,1.0
5460,Barossa - Yorke - Mid North,1.0
5461,Barossa - Yorke - Mid North,1.0
5462,Barossa - Yorke - Mid North,1.0
5464,Barossa - Yorke - Mid North,1.0
5470,Barossa - Yorke - Mid North,1.0
5471,Barossa - Yorke - Mid North,1.0
5472,Barossa - Yorke - Mid North,1.0
5473,Barossa - Yorke - Mid North,1.0
5480,Barossa - Yorke - Mid North,1.0
5481,Barossa - Yorke - Mid North,1.0
5482,Barossa - Yorke - Mid North,1.0
5483,Barossa - Yorke - Mid North,1.0
5485,Barossa - Yorke - Mid North,0.9999984
5490,Barossa - Yorke - Mid North,1.0
5491,Barossa - Yorke - Mid North,1.0
5493,Barossa - Yorke - Mid North,1.0
5495,Barossa - Yorke - Mid North,1.0
5501,Adelaide - North,0.7732399
5501,Barossa - Yorke - Mid North,0.2267601
5502,Barossa - Yorke - Mid North,1.0
5510,Barossa - Yorke - Mid North,1.0
5520,Barossa - Yorke - Mid North,1.0
5521,Barossa - Yorke - Mid North,1.0
5522,Barossa - Yorke - Mid North,1.0
5523,Barossa - Yorke - Mid North,1.0
5540,Barossa - Yorke - Mid North,1.0
5550,Barossa - Yorke - Mid North,1.0
5552,Barossa - Yorke - Mid North,1.0
5554,Barossa - Yorke - Mid North,1.0
5555,Barossa - Yorke - Mid North,1.0
5556,Barossa - Yorke - Mid North,1.0
5558,Barossa - Yorke - Mid North,1.0
5560,Barossa - Yorke - Mid North,1.0
5570,Barossa - Yorke - Mid North,1.0
5571,Barossa - Yorke - Mid North,1.0
5572,Barossa - Yorke - Mid North,1.0
5573,Barossa - Yorke - Mid North,1.0
5575,Barossa - Yorke - Mid North,1.0
5576,Barossa - Yorke - Mid North,1.0
5577,Barossa - Yorke - Mid North,1.0
5580,Barossa - Yorke - Mid North,1.0
5581,Barossa - Yorke - Mid North,1.0
5582,Barossa - Yorke - Mid North,1.0
5583,Barossa - Yorke - Mid North,1.0
5600,South Australia - Outback,1.0
5601,South Australia - Outback,1.0
5602,South Australia - Outback,1.0
5603,South Australia - Outback,1.0
5604,South Australia - Outback,1.0
5605,South Australia - Outback,1.0
5606,South Australia - Outback,1.0
5607,South Australia - Outback,0.9996674
5608,South Australia - Outback,1.0
5609,South Australia - Outback,1.0
5630,South Australia - Outback,1.0
5631,South Australia - Outback,1.0
5632,South Australia - Outback,1.0
5633,South Australia - Outback,1.0
5640,South Australia - Outback,1.0
5641,South Australia - Outback,1.0
5642,South Australia - Outback,1.0
5650,South Australia - Outback,1.0
5651,South Australia - Outback,1.0
5652,South Australia - Outback,1.0
5653,South Australia - Outback,1.0
5654,South Australia - Outback,1.0
5655,South Australia - Outback,1.0
5660,South Australia - Outback,1.0
5661,South Australia - Outback,1.0
5670,South Australia - Outback,1.0
5671,South Australia - Outback,1.0
5680,South Australia - Outback,1.0
5690,South Australia - Outback,1.0
5700,South Australia - Outback,1.0
5710,Barossa - Yorke - Mid North,0.0018928
5710,South Australia - Outback,0.9981072
5720,South Australia - Outback,1.0
5722,South Australia - Outback,1.0
5723,South Australia - Outback,1.0
5724,South Australia - Outback,1.0
5725,South Australia - Outback,1.0
5730,South Australia - Outback,1.0
5731,South Australia - Outback,1.0
5732,South Australia - Outback,1.0
5733,South Australia - Outback,1.0
5734,South Australia - Outback,1.0
5950,Adelaide - West,1.0
6000,Perth - Inner,1.0
6003,Perth - Inner,1.0
6004,Perth - Inner,1.0
6005,Perth - Inner,1.0
6006,Perth - Inner,1.0
6007,Perth - Inner,1.0
6008,Perth - Inner,1.0
6009,Perth - Inner,1.0
6010,Perth - Inner,1.0
6011,Perth - Inner,1.0
6012,Perth - Inner,1.0
6014,Perth - Inner,0.9988602
6014,Perth - North West,0.0011398
6015,Perth - Inner,0.9993709
6015,Perth - North West,0.0006291
6016,Perth - Inner,1.0
6017,Perth - North West,1.0
6018,Perth - North West,1.0
6019,Perth - Inner,0.0018746
6019,Perth - North West,0.9981254
6020,Perth - North West,1.0
6021,Perth - North West,1.0
6022,Perth - North West,1.0
6023,Perth - North West,1.0
6024,Perth - North West,1.0
6025,Perth - North West,1.0
6026,Perth - North West,1.0
6027,Perth - North West,1.0
6028,Perth - North West,1.0
6029,Perth - North West,1.0
6030,Perth - North West,1.0
6031,Perth - North West,1.0
6032,Perth - North West,1.0
6033,Perth - North West,1.0
6034,Perth - North West,1.0
6035,Perth - North West,1.0
6036,Perth - North West,1.0
6037,Perth - North West,1.0
6038,Perth - North West,1.0
6041,Western Australia - Wheat Belt,1.0
6042,Western Australia - Wheat Belt,1.0
6043,Western Australia - Wheat Belt,1.0
6044,Western Australia - Wheat Belt,1.0
6050,Perth - Inner,0.7183499
6050,Perth - North East,0.0060815
6050,Perth - North West,0.2755686
6051,Perth - Inner,0.0013057
6051,Perth - North East,0.9986943
6052,Perth - Inner,0.5126389
6052,Perth - North East,0.4833304
6052,Perth - North West,0.0040308
6053,Perth - North East,1.0
6054,Perth - North East,1.0
6055,Perth - North East,0.9999998
6056,Perth - North East,0.9999691
6057,Perth - South East,0.999975
6058,Perth - South East,1.0
6059,Perth - North East,0.0079352
6059,Perth - North West,0.9920648
6060,Perth - North West,1.0
6061,Perth - North West,1.0
6062,Perth - North East,0.999192
6062,Perth - North West,0.000808
6063,Perth - North East,1.0
6064,Perth - North East,0.0017919
6064,Perth - North West,0.9982081
6065,Perth - North West,1.0
6066,Perth - North East,1.0
6067,Perth - North East,1.0
6068,Perth - North East,1.0
6069,Perth - North East,1.0
6070,Perth - North East,1.0
6071,Perth - North East,1.0
6072,Perth - North East,1.0
6073,Perth - North East,1.0
6074,Perth - North East,1.0
6076,Perth - North East,0.0001867
6076,Perth - South East,0.9998133
6077,Perth - North West,1.0
6078,Perth - North West,1.0
6079,Perth - North East,0.0465491
6079,Perth - North West,0.9534509
6081,Perth - North East,1.0
6082,Perth - North East,1.0
6083,Perth - North East,0.759182
6083,Western Australia - Wheat Belt,0.240818
6084,Perth - North East,0.6648913
6084,Western Australia - Wheat Belt,0.3351087
6090,Perth - North East,1.0
6100,Perth - South East,1.0
6101,Perth - South East,1.0
6102,Perth - South East,1.0
6103,Perth - South East,1.0
6104,Perth - South East,1.0
6105,Perth - South East,1.0
6106,Perth - South East,1.0
6107,Perth - South East,1.0
6108,Perth - South East,1.0
6109,Perth - South East,1.0
6110,Perth - South East,1.0
6111,Perth - South East,1.0
6112,Perth - South East,1.0
6121,Perth - South East,1.0
6122,Perth - South East,1.0
6123,Perth - South East,1.0
6124,Perth - South East,1.0
6125,Perth - South East,1.0
6126,Perth - South East,1.0
6147,Perth - South East,1.0
6148,Perth - South East,1.0
6149,Perth - South East,0.0006719
6149,Perth - South West,0.9993281
6150,Perth - South West,1.0
6151,Perth - South East,1.0
6152,Perth - South East,1.0
6153,Perth - South West,1.0
6154,Perth - South West,1.0
6155,Perth - South East,0.9993815
6155,Perth - South West,0.0006185
6156,Perth - South West,1.0
6157,Perth - South West,1.0
6158,Perth - South West,1.0
6159,Perth - South West,1.0
6160,Perth - South West,1.0
6161,Perth - South West,1.0
6162,Perth - South West,1.0
6163,Perth - South West,1.0
6164,Perth - South West,1.0
6165,Perth - South West,1.0
6166,Perth - South West,1.0
6167,Perth - South West,1.0
6168,Perth - South West,1.0
6169,Perth - South West,1.0
6170,Perth - South West,1.0
6171,Perth - South West,1.0
6172,Perth - South West,1.0
6173,Perth - South West,1.0
6174,Perth - South West,1.0
6175,Perth - South West,1.0
6176,Perth - South West,1.0
6180,Mandurah,1.0
6181,Mandurah,1.0
6182,Mandurah,0.884368
6182,Perth - South East,0.0577973
6182,Perth - South West,0.0578347
6207,Mandurah,0.9905802
6207,Western Australia - Wheat Belt,0.0094198
6208,Mandurah,1.0
6209,Mandurah,1.0
6210,Mandurah,1.0
6211,Mandurah,0.9999997
6213,Western Australia - Wheat Belt,1.0
6214,Bunbury,0.0025403
6214,Mandurah,0.9974597
6215,Bunbury,1.0
6218,Bunbury,1.0
6220,Bunbury,1.0
6221,Bunbury,1.0
6223,Bunbury,1.0
6224,Bunbury,1.0
6225,Bunbury,0.9917812
6225,Western Australia - Wheat Belt,0.0082188
6226,Bunbury,1.0
6227,Bunbury,1.0
6228,Bunbury,1.0
6229,Bunbury,1.0
6230,Bunbury,1.0
6232,Bunbury,1.0
6233,Bunbury,1.0
6236,Bunbury,1.0
6237,Bunbury,1.0
6239,Bunbury,1.0
6240,Bunbury,1.0
6243,Bunbury,1.0
6244,Bunbury,0.984608
6244,Western Australia - Wheat Belt,0.015392
6251,Bunbury,1.0
6252,Bunbury,1.0
6253,Bunbury,1.0
6254,Bunbury,1.0
6255,Bunbury,1.0
6256,Bunbury,1.0
6258,Bunbury,1.0
6260,Bunbury,1.0
6262,Bunbury,1.0
6271,Bunbury,1.0
6275,Bunbury,1.0
6280,Bunbury,1.0
6281,Bunbury,1.0
6282,Bunbury,1.0
6284,Bunbury,1.0
6285,Bunbury,1.0
6286,Bunbury,1.0
6288,Bunbury,1.0
6290,Bunbury,1.0
6302,Western Australia - Wheat Belt,1.0
6304,Western Australia - Wheat Belt,1.0
6306,Western Australia - Wheat Belt,1.0
6308,Western Australia - Wheat Belt,1.0
6309,Western Australia - Wheat Belt,1.0
6311,Western Australia - Wheat Belt,1.0
6312,Western Australia - Wheat Belt,1.0
6313,Western Australia - Wheat Belt,1.0
6315,Western Australia - Wheat Belt,1.0
6316,Western Australia - Wheat Belt,1.0
6317,Western Australia - Wheat Belt,1.0
6318,Western Australia - Wheat Belt,1.0
6320,Western Australia - Wheat Belt,1.0
6321,Western Australia - Wheat Belt,1.0
6322,Western Australia - Wheat Belt,1.0
6323,Western Australia - Wheat Belt,1.0
6324,Western Australia - Wheat Belt,1.0
6326,Western Australia - Wheat Belt,1.0
6327,Western Australia - Wheat Belt,1.0
6328,Western Australia - Wheat Belt,1.0
6330,Western Australia - Wheat Belt,1.0
6333,Western Australia - Wheat Belt,1.0
6335,Western Australia - Wheat Belt,1.0
6336,Western Australia - Wheat Belt,1.0
6337,Western Australia - Outback,0.0072217
6337,Western Australia - Wheat Belt,0.9927783
6338,Western Australia - Outback,0.0001203
6338,Western Australia - Wheat Belt,0.9998797
6341,Western Australia - Wheat Belt,1.0
6343,Western Australia - Wheat Belt,1.0
6346,Western Australia - Outback,0.9999998
6348,Western Australia - Outback,1.0
6350,Western Australia - Wheat Belt,1.0
6351,Western Australia - Wheat Belt,1.0
6352,Western Australia - Wheat Belt,1.0
6353,Western Australia - Wheat Belt,1.0
6355,Western Australia - Wheat Belt,1.0
6356,Western Australia - Outback,0.0025473
6356,Western Australia - Wheat Belt,0.9974527
6357,Western Australia - Wheat Belt,1.0
6358,Western Australia - Wheat Belt,1.0
6359,Western Australia - Wheat Belt,1.0
6361,Western Australia - Wheat Belt,1.0
6363,Western Australia - Wheat Belt,1.0
6365,Western Australia - Wheat Belt,1.0
6367,Western Australia - Wheat Belt,1.0
6368,Western Australia - Wheat Belt,1.0
6369,Western Australia - Wheat Belt,1.0
6370,Western Australia - Wheat Belt,1.0
6372,Western Australia - Wheat Belt,1.0
6373,Western Australia - Wheat Belt,1.0
6375,Western Australia - Wheat Belt,1.0
6383,Western Australia - Wheat Belt,1.0
6384,Western Australia - Wheat Belt,1.0
6385,Western Australia - Wheat Belt,1.0
6386,Western Australia - Wheat Belt,1.0
6390,Western Australia - Wheat Belt,1.0
6391,Western Australia - Wheat Belt,1.0
6392,Western Australia - Wheat Belt,1.0
6393,Western Australia - Wheat Belt,1.0
6394,Western Australia - Wheat Belt,1.0
6395,Bunbury,0.0003299
6395,Western Australia - Wheat Belt,0.9996701
6396,Western Australia - Wheat Belt,1.0
6397,Western Australia - Wheat Belt,1.0
6398,Bunbury,1.0
6401,Western Australia - Wheat Belt,1.0
6403,Western Australia - Wheat Belt,1.0
6405,Western Australia - Wheat Belt,1.0
6407,Western Australia - Wheat Belt,1.0
6409,Western Australia - Wheat Belt,1.0
6410,Western Australia - Wheat Belt,1.0
6411,Western Australia - Wheat Belt,1.0
6412,Western Australia - Wheat Belt,1.0
6413,Western Australia - Wheat Belt,1.0
6414,Western Australia - Wheat Belt,1.0
6415,Western Australia - Wheat Belt,1.0
6418,Western Australia - Wheat Belt,1.0
6419,Western Australia - Wheat Belt,1.0
6420,Western Australia - Wheat Belt,1.0
6421,Western Australia - Wheat Belt,1.0
6422,Western Australia - Wheat Belt,1.0
6423,Western Australia - Wheat Belt,1.0
6424,Western Australia - Wheat Belt,1.0
6425,Western Australia - Wheat Belt,1.0
6426,Western Australia - Wheat Belt,1.0
6427,Western Australia - Wheat Belt,1.0
6428,Western Australia - Wheat Belt,1.0
6429,Western Australia - Outback,0.999955
6430,Western Australia - Outback,1.0
6431,Western Australia - Outback,1.0
6432,Western Australia - Outback,1.0
6434,Western Australia - Outback,1.0
6436,Western Australia - Outback,1.0
6437,Western Australia - Outback,1.0
6438,Western Australia - Outback,1.0
6440,Western Australia - Outback,1.0
6442,Western Australia - Outback,1.0
6443,Western Australia - Outback,1.0
6445,Western Australia - Outback,1.0
6446,Western Australia - Outback,1.0
6447,Western Australia - Outback,1.0
6448,Western Australia - Outback,1.0
6450,Western Australia - Outback,1.0
6452,Western Australia - Outback,1.0
6460,Western Australia - Wheat Belt,1.0
6461,Western Australia - Wheat Belt,1.0
6462,Western Australia - Wheat Belt,1.0
6463,Western Australia - Wheat Belt,1.0
6465,Western Australia - Wheat Belt,1.0
6466,Western Australia - Wheat Belt,1.0
6467,Western Australia - Wheat Belt,1.0
6468,Western Australia - Wheat Belt,1.0
6470,Western Australia - Wheat Belt,1.0
6472,Western Australia - Wheat Belt,1.0
6473,Western Australia - Wheat Belt,1.0
6475,Western Australia - Wheat Belt,1.0
6476,Western Australia - Wheat Belt,1.0
6477,Western Australia - Wheat Belt,1.0
6479,Western Australia - Wheat Belt,1.0
6480,Western Australia - Wheat Belt,1.0
6484,Western Australia - Wheat Belt,0.9999999
6485,Western Australia - Wheat Belt,1.0
6487,Western Australia - Wheat Belt,1.0
6488,Western Australia - Wheat Belt,1.0
6489,Western Australia - Wheat Belt,1.0
6490,Western Australia - Wheat Belt,1.0
6501,Western Australia - Wheat Belt,1.0
6502,Western Australia - Wheat Belt,1.0
6503,Western Australia - Wheat Belt,1.0
6504,Western Australia - Wheat Belt,1.0
6505,Western Australia - Wheat Belt,1.0
6506,Western Australia - Wheat Belt,1.0
6507,Western Australia - Wheat Belt,1.0
6509,Western Australia - Wheat Belt,1.0
6510,Western Australia - Wheat Belt,1.0
6511,Western Australia - Wheat Belt,1.0
6512,Western Australia - Wheat Belt,1.0
6513,Western Australia - Outback,0.1837172
6513,Western Australia - Wheat Belt,0.8162828
6514,Western Australia - Outback,1.0
6515,Western Australia - Outback,1.0
6516,Western Australia - Wheat Belt,0.9999999
6517,Western Australia - Outback,1.0
6518,Western Australia - Outback,1.0
6519,Western Australia - Outback,1.0
6521,Western Australia - Wheat Belt,1.0
6522,Western Australia - Outback,1.0
6525,Western Australia - Outback,1.0
6528,Western Australia - Outback,1.0
6530,Western Australia - Outback,1.0
6532,Western Australia - Outback,1.0
6535,Western Australia - Outback,1.0
6536,Western Australia - Outback,1.0
6537,Western Australia - Outback,1.0
6556,Perth - North East,1.0
6558,Perth - North East,0.9983566
6558,Western Australia - Wheat Belt,0.0016434
6560,Perth - North East,0.0076571
6560,Western Australia - Wheat Belt,0.9923429
6562,Western Australia - Wheat Belt,1.0
6564,Western Australia - Wheat Belt,1.0
6566,Western Australia - Wheat Belt,1.0
6567,Western Australia - Wheat Belt,1.0
6568,Western Australia - Wheat Belt,1.0
6569,Western Australia - Wheat Belt,1.0
6571,Western Australia - Wheat Belt,1.0
6572,Western Australia - Wheat Belt,1.0
6574,Western Australia - Wheat Belt,1.0
6575,Western Australia - Wheat Belt,1.0
6603,Western Australia - Wheat Belt,1.0
6605,Western Australia - Wheat Belt,1.0
6606,Western Australia - Wheat Belt,1.0
6608,Western Australia - Wheat Belt,1.0
6609,Western Australia - Wheat Belt,1.0
6612,Western Australia - Outback,0.6478675
6612,Western Australia - Wheat Belt,0.3521325
6613,Western Australia - Wheat Belt,1.0
6614,Western Australia - Outback,1.0
6616,Western Australia - Outback,1.0
6620,Western Australia - Outback,1.0
6623,Western Australia - Outback,1.0
6625,Western Australia - Outback,1.0
6627,Western Australia - Outback,1.0
6628,Western Australia - Outback,1.0
6630,Western Australia - Outback,1.0
6631,Western Australia - Outback,1.0
6632,Western Australia - Outback,1.0
6635,Western Australia - Outback,1.0
6638,Western Australia - Outback,1.0
6639,Western Australia - Outback,1.0
6640,Western Australia - Outback,1.0
6642,Western Australia - Outback,1.0
6646,Western Australia - Outback,1.0
6701,Western Australia - Outback,1.0
6705,Western Australia - Outback,1.0
6707,Western Australia - Outback,1.0
6710,Western Australia - Outback,1.0
6711,Western Australia - Outback,1.0
6712,Western Australia - Outback,1.0
6713,Western Australia - Outback,1.0
6714,Western Australia - Outback,1.0
6716,Western Australia - Outback,1.0
6718,Western Australia - Outback,1.0
6720,Western Australia - Outback,1.0
6721,Western Australia - Outback,1.0
6722,Western Australia - Outback,1.0
6725,Western Australia - Outback,1.0
6726,Western Australia - Outback,1.0
6728,Western Australia - Outback,1.0
6731,Western Australia - Outback,1.0
6733,Western Australia - Outback,1.0
6740,Western Australia - Outback,1.0
6743,Western Australia - Outback,1.0
6751,Western Australia - Outback,1.0
6753,Western Australia - Outback,1.0
6754,Western Australia - Outback,1.0
6758,Western Australia - Outback,1.0
6760,Western Australia - Outback,1.0
6762,Western Australia - Outback,1.0
6765,Western Australia - Outback,1.0
6770,Western Australia - Outback,1.0
6798,Other Territories,1.0
6799,Other Territories,1.0
6907,Perth - Inner,1.0
7000,Hobart,1.0
7001,South East,1.0
7004,Hobart,1.0
7005,Hobart,1.0
7007,Hobart,1.0
7008,Hobart,1.0
7009,Hobart,1.0
7010,Hobart,1.0
7011,Hobart,1.0
7012,Hobart,0.9699135
7012,South East,0.0300865
7015,Hobart,1.0
7016,Hobart,1.0
7017,Hobart,0.9825362
7017,South East,0.0174638
7018,Hobart,1.0
7019,Hobart,1.0
7020,Hobart,1.0
7021,Hobart,1.0
7022,Hobart,1.0
7023,Hobart,1.0
7024,Hobart,1.0
7025,Hobart,1.0
7026,Hobart,0.1577766
7026,South East,0.8422234
7027,South East,1.0
7030,Hobart,0.7795423
7030,South East,0.2204097
7050,Hobart,1.0
7052,Hobart,1.0
7053,Hobart,1.0
7054,Hobart,0.9993466
7054,South East,0.0006534
7055,Hobart,1.0
7109,Hobart,0.0162881
7109,South East,0.9837119
7112,South East,1.0
7113,South East,1.0
7116,South East,1.0
7117,South East,1.0
7119,South East,1.0
7120,Launceston and North East,0.0032904
7120,South East,0.9967096
7139,South East,1.0
7140,Hobart,0.5875932
7140,South East,0.4124065
7150,Hobart,0.4773147
7150,South East,0.5226853
7155,South East,1.0
7162,South East,1.0
7163,South East,1.0
7170,Hobart,1.0
7171,Hobart,1.0
7172,Hobart,0.9985492
7172,South East,0.0014508
7173,Hobart,1.0
7174,Hobart,1.0
7175,Hobart,1.0
7176,Hobart,1.0
7177,Hobart,0.9838324
7177,South East,0.0161676
7178,South East,1.0
7179,South East,1.0
7180,South East,1.0
7182,South East,1.0
7183,South East,1.0
7184,South East,1.0
7185,South East,1.0
7186,South East,1.0
7187,South East,1.0
7190,South East,1.0
7209,Launceston and North East,0.9999977
7210,Launceston and North East,0.999997
7211,Launceston and North East,1.0
7212,Launceston and North East,1.0
7213,Launceston and North East,0.9971298
7213,South East,0.0028702
7214,Launceston and North East,1.0
7215,Launceston and North East,0.6478256
7215,South East,0.3521744
7216,Launceston and North East,1.0
7248,Launceston and North East,1.0
7249,Launceston and North East,1.0
7250,Launceston and North East,1.0
7252,Launceston and North East,1.0
7253,Launceston and North East,1.0
7254,Launceston and North East,1.0
7255,Launceston and North East,1.0
7256,West and North West,1.0
7257,Launceston and North East,1.0
7258,Launceston and North East,1.0
7259,Launceston and North East,1.0
7260,Launceston and North East,1.0
7261,Launceston and North East,1.0
7262,Launceston and North East,1.0
7263,Launceston and North East,1.0
7264,Launceston and North East,1.0
7265,Launceston and North East,1.0
7267,Launceston and North East,1.0
7268,Launceston and North East,1.0
7270,Launceston and North East,0.9999995
7275,Launceston and North East,0.9968526
7275,West and North West,0.0031474
7276,Launceston and North East,1.0
7277,Launceston and North East,1.0
7290,Launceston and North East,1.0
7291,Launceston and North East,1.0
7292,Launceston and North East,1.0
7300,Launceston and North East,1.0
7301,Launceston and North East,1.0
7302,Launceston and North East,1.0
7303,Launceston and North East,1.0
7304,Launceston and North East,0.9891345
7304,South East,0.00405
7304,West and North West,0.0068155
7305,West and North West,1.0
7306,Launceston and North East,0.0004572
7306,West and North West,0.9995428
7307,West and North West,0.9999999
7310,West and North West,1.0
7315,West and North West,1.0
7316,West and North West,1.0
7320,West and North West,1.0
7321,West and North West,1.0
7322,West and North West,1.0
7325,West and North West,1.0
7330,West and North West,1.0
7331,West and North West,1.0
7466,West and North West,1.0
7467,West and North West,1.0
7468,West and North West,1.0
7469,West and North West,1.0
7470,West and North West,1.0
